2021-09-02T15:29:49.436+09:00,ParkDongHan,IdeState,Active,assignment1,Dialog,C:/Users/ParkDongHan/IdeaProjects/untitled/src/test.java,,5,0,Default task
2021-09-02T15:29:50.452+09:00,ParkDongHan,IdeState,Active,assignment1,Editor,C:/Users/ParkDongHan/IdeaProjects/untitled/src/test.java,,5,0,Default task
2021-09-02T15:29:51.453+09:00,ParkDongHan,IdeState,Active,assignment1,Editor,C:/Users/ParkDongHan/IdeaProjects/untitled/src/test.java,,5,0,Default task
2021-09-02T15:29:52.454+09:00,ParkDongHan,IdeState,Active,assignment1,Editor,C:/Users/ParkDongHan/IdeaProjects/untitled/src/test.java,,5,0,Default task
2021-09-02T15:29:53.465+09:00,ParkDongHan,IdeState,Active,assignment1,Editor,C:/Users/ParkDongHan/IdeaProjects/untitled/src/test.java,,5,0,Default task
2021-09-02T15:29:54.478+09:00,ParkDongHan,IdeState,Active,assignment1,Editor,C:/Users/ParkDongHan/IdeaProjects/untitled/src/test.java,,5,0,Default task
2021-09-02T15:29:55.487+09:00,ParkDongHan,IdeState,Active,assignment1,Editor,C:/Users/ParkDongHan/IdeaProjects/untitled/src/test.java,,5,0,Default task
2021-09-02T15:29:56.497+09:00,ParkDongHan,IdeState,Active,assignment1,Popup,C:/Users/ParkDongHan/IdeaProjects/untitled/src/test.java,,5,0,Default task
2021-09-02T15:29:57.507+09:00,ParkDongHan,IdeState,Active,assignment1,Popup,C:/Users/ParkDongHan/IdeaProjects/untitled/src/test.java,,5,0,Default task
2021-09-02T15:29:58.516+09:00,ParkDongHan,IdeState,Active,assignment1,Popup,C:/Users/ParkDongHan/IdeaProjects/untitled/src/test.java,,5,0,Default task
2021-09-02T15:29:59.523+09:00,ParkDongHan,IdeState,Active,assignment1,Popup,C:/Users/ParkDongHan/IdeaProjects/untitled/src/test.java,,5,0,Default task
2021-09-02T15:30:00.532+09:00,ParkDongHan,IdeState,Active,assignment1,Popup,C:/Users/ParkDongHan/IdeaProjects/untitled/src/test.java,,5,0,Default task
2021-09-02T15:30:01.539+09:00,ParkDongHan,IdeState,Active,assignment1,Popup,C:/Users/ParkDongHan/IdeaProjects/untitled/src/test.java,,5,0,Default task
2021-09-02T15:30:02.555+09:00,ParkDongHan,IdeState,Active,assignment1,Popup,C:/Users/ParkDongHan/IdeaProjects/untitled/src/test.java,,5,0,Default task
2021-09-02T15:30:03.562+09:00,ParkDongHan,IdeState,Active,assignment1,Popup,C:/Users/ParkDongHan/IdeaProjects/untitled/src/test.java,,5,0,Default task
2021-09-02T15:30:04.572+09:00,ParkDongHan,IdeState,Active,assignment1,Popup,C:/Users/ParkDongHan/IdeaProjects/untitled/src/test.java,,5,0,Default task
2021-09-02T15:30:05.582+09:00,ParkDongHan,IdeState,Active,assignment1,Popup,C:/Users/ParkDongHan/IdeaProjects/untitled/src/test.java,,5,0,Default task
2021-09-02T15:30:06.593+09:00,ParkDongHan,IdeState,Active,assignment1,Popup,C:/Users/ParkDongHan/IdeaProjects/untitled/src/test.java,,5,0,Default task
2021-09-02T15:30:07.605+09:00,ParkDongHan,IdeState,Active,assignment1,Popup,C:/Users/ParkDongHan/IdeaProjects/untitled/src/test.java,,5,0,Default task
2021-09-02T15:30:08.000+09:00,ParkDongHan,IdeState,Active,assignment1,Editor,C:/Users/ParkDongHan/IdeaProjects/untitled/src/test.java,,5,0,Default task
2021-09-02T15:30:09.012+09:00,ParkDongHan,IdeState,Active,assignment1,Editor,C:/Users/ParkDongHan/IdeaProjects/untitled/src/test.java,,5,0,Default task
2021-09-02T15:30:10.015+09:00,ParkDongHan,IdeState,Active,assignment1,Popup,C:/Users/ParkDongHan/IdeaProjects/untitled/src/test.java,,5,0,Default task
2021-09-02T15:30:11.021+09:00,ParkDongHan,IdeState,Active,assignment1,Popup,C:/Users/ParkDongHan/IdeaProjects/untitled/src/test.java,,5,0,Default task
2021-09-02T15:30:12.033+09:00,ParkDongHan,IdeState,Active,assignment1,Popup,C:/Users/ParkDongHan/IdeaProjects/untitled/src/test.java,,5,0,Default task
2021-09-02T15:30:13.036+09:00,ParkDongHan,IdeState,Active,assignment1,Popup,C:/Users/ParkDongHan/IdeaProjects/untitled/src/test.java,,5,0,Default task
2021-09-02T15:30:14.042+09:00,ParkDongHan,IdeState,Active,assignment1,Popup,C:/Users/ParkDongHan/IdeaProjects/untitled/src/test.java,,5,0,Default task
2021-09-02T15:30:15.057+09:00,ParkDongHan,IdeState,Active,assignment1,Popup,C:/Users/ParkDongHan/IdeaProjects/untitled/src/test.java,,5,0,Default task
2021-09-02T15:30:16.067+09:00,ParkDongHan,IdeState,Active,assignment1,Popup,C:/Users/ParkDongHan/IdeaProjects/untitled/src/test.java,,5,0,Default task
2021-09-02T15:30:17.074+09:00,ParkDongHan,IdeState,Active,assignment1,Popup,C:/Users/ParkDongHan/IdeaProjects/untitled/src/test.java,,5,0,Default task
2021-09-02T15:30:18.086+09:00,ParkDongHan,IdeState,Active,assignment1,Popup,C:/Users/ParkDongHan/IdeaProjects/untitled/src/test.java,,5,0,Default task
2021-09-02T15:30:19.095+09:00,ParkDongHan,IdeState,Active,assignment1,Popup,C:/Users/ParkDongHan/IdeaProjects/untitled/src/test.java,,5,0,Default task
2021-09-02T15:30:19.929+09:00,ParkDongHan,Action,Start/Stop Activity Tracking,,,,,-1,-1,
2021-09-02T15:30:22.012+09:00,ParkDongHan,IdeState,Active,assignment1,Editor,C:/Users/ParkDongHan/IdeaProjects/untitled/src/test.java,,5,0,Default task
2021-09-02T15:30:23.017+09:00,ParkDongHan,IdeState,Active,assignment1,Editor,C:/Users/ParkDongHan/IdeaProjects/untitled/src/test.java,,5,0,Default task
2021-09-02T15:30:24.027+09:00,ParkDongHan,IdeState,Active,assignment1,Editor,C:/Users/ParkDongHan/IdeaProjects/untitled/src/test.java,,5,0,Default task
2021-09-02T15:30:25.039+09:00,ParkDongHan,IdeState,Active,assignment1,Editor,C:/Users/ParkDongHan/IdeaProjects/untitled/src/test.java,,5,0,Default task
2021-09-02T15:30:26.052+09:00,ParkDongHan,IdeState,Active,assignment1,Editor,C:/Users/ParkDongHan/IdeaProjects/untitled/src/test.java,,5,0,Default task
2021-09-02T15:30:27.063+09:00,ParkDongHan,IdeState,Active,assignment1,Editor,C:/Users/ParkDongHan/IdeaProjects/untitled/src/test.java,,5,0,Default task
2021-09-02T15:30:28.075+09:00,ParkDongHan,IdeState,Active,assignment1,Editor,C:/Users/ParkDongHan/IdeaProjects/untitled/src/test.java,,5,0,Default task
2021-09-02T15:30:29.081+09:00,ParkDongHan,IdeState,Active,assignment1,Editor,C:/Users/ParkDongHan/IdeaProjects/untitled/src/test.java,,5,0,Default task
2021-09-02T15:30:30.086+09:00,ParkDongHan,IdeState,Active,assignment1,Editor,C:/Users/ParkDongHan/IdeaProjects/untitled/src/test.java,,5,0,Default task
2021-09-02T15:30:31.090+09:00,ParkDongHan,IdeState,Active,assignment1,Editor,C:/Users/ParkDongHan/IdeaProjects/untitled/src/test.java,,5,0,Default task
2021-09-02T15:30:32.104+09:00,ParkDongHan,IdeState,Active,assignment1,Editor,C:/Users/ParkDongHan/IdeaProjects/untitled/src/test.java,,5,0,Default task
2021-09-02T15:30:33.109+09:00,ParkDongHan,IdeState,Active,assignment1,Editor,C:/Users/ParkDongHan/IdeaProjects/untitled/src/test.java,,5,0,Default task
2021-09-02T15:30:34.124+09:00,ParkDongHan,IdeState,Active,assignment1,Editor,C:/Users/ParkDongHan/IdeaProjects/untitled/src/test.java,,5,0,Default task
2021-09-02T15:30:35.134+09:00,ParkDongHan,IdeState,Active,assignment1,Editor,C:/Users/ParkDongHan/IdeaProjects/untitled/src/test.java,,5,0,Default task
2021-09-02T15:30:36.137+09:00,ParkDongHan,IdeState,Active,assignment1,Editor,C:/Users/ParkDongHan/IdeaProjects/untitled/src/test.java,,5,0,Default task
2021-09-02T15:30:37.149+09:00,ParkDongHan,IdeState,Active,assignment1,Editor,C:/Users/ParkDongHan/IdeaProjects/untitled/src/test.java,,5,0,Default task
2021-09-02T15:30:38.154+09:00,ParkDongHan,IdeState,Active,assignment1,Editor,C:/Users/ParkDongHan/IdeaProjects/untitled/src/test.java,,5,0,Default task
2021-09-02T15:30:39.159+09:00,ParkDongHan,IdeState,Active,assignment1,Editor,C:/Users/ParkDongHan/IdeaProjects/untitled/src/test.java,,5,0,Default task
2021-09-02T15:30:40.169+09:00,ParkDongHan,IdeState,Active,assignment1,Editor,C:/Users/ParkDongHan/IdeaProjects/untitled/src/test.java,,5,0,Default task
2021-09-02T15:30:41.183+09:00,ParkDongHan,IdeState,Active,assignment1,Editor,C:/Users/ParkDongHan/IdeaProjects/untitled/src/test.java,,5,0,Default task
2021-09-02T15:30:42.192+09:00,ParkDongHan,IdeState,Active,assignment1,Editor,C:/Users/ParkDongHan/IdeaProjects/untitled/src/test.java,,5,0,Default task
2021-09-02T15:30:43.202+09:00,ParkDongHan,IdeState,Active,assignment1,Editor,C:/Users/ParkDongHan/IdeaProjects/untitled/src/test.java,,5,0,Default task
2021-09-02T15:30:44.215+09:00,ParkDongHan,IdeState,Active,assignment1,Editor,C:/Users/ParkDongHan/IdeaProjects/untitled/src/test.java,,5,0,Default task
2021-09-02T15:30:45.223+09:00,ParkDongHan,IdeState,Active,assignment1,Editor,C:/Users/ParkDongHan/IdeaProjects/untitled/src/test.java,,5,0,Default task
2021-09-02T15:30:46.234+09:00,ParkDongHan,IdeState,Active,assignment1,Editor,C:/Users/ParkDongHan/IdeaProjects/untitled/src/test.java,,5,0,Default task
2021-09-02T15:30:47.234+09:00,ParkDongHan,IdeState,Active,assignment1,Editor,C:/Users/ParkDongHan/IdeaProjects/untitled/src/test.java,,5,0,Default task
2021-09-02T15:30:48.245+09:00,ParkDongHan,IdeState,Active,assignment1,Editor,C:/Users/ParkDongHan/IdeaProjects/untitled/src/test.java,,5,0,Default task
2021-09-02T15:30:49.257+09:00,ParkDongHan,IdeState,Active,assignment1,Editor,C:/Users/ParkDongHan/IdeaProjects/untitled/src/test.java,,5,0,Default task
2021-09-02T15:30:50.266+09:00,ParkDongHan,IdeState,Active,assignment1,Editor,C:/Users/ParkDongHan/IdeaProjects/untitled/src/test.java,,5,0,Default task
2021-09-02T15:30:51.275+09:00,ParkDongHan,IdeState,Active,assignment1,Editor,C:/Users/ParkDongHan/IdeaProjects/untitled/src/test.java,,5,0,Default task
2021-09-02T15:30:52.286+09:00,ParkDongHan,IdeState,Active,assignment1,Editor,C:/Users/ParkDongHan/IdeaProjects/untitled/src/test.java,,5,0,Default task
2021-09-02T15:30:53.300+09:00,ParkDongHan,IdeState,Active,assignment1,Editor,C:/Users/ParkDongHan/IdeaProjects/untitled/src/test.java,,5,0,Default task
2021-09-02T15:30:54.308+09:00,ParkDongHan,IdeState,Active,assignment1,Editor,C:/Users/ParkDongHan/IdeaProjects/untitled/src/test.java,,5,0,Default task
2021-09-02T15:30:55.317+09:00,ParkDongHan,IdeState,Active,assignment1,Editor,C:/Users/ParkDongHan/IdeaProjects/untitled/src/test.java,,5,0,Default task
2021-09-02T15:30:56.331+09:00,ParkDongHan,IdeState,Active,assignment1,Editor,C:/Users/ParkDongHan/IdeaProjects/untitled/src/test.java,,5,0,Default task
2021-09-02T15:30:57.344+09:00,ParkDongHan,IdeState,Active,assignment1,Editor,C:/Users/ParkDongHan/IdeaProjects/untitled/src/test.java,,5,0,Default task
2021-09-02T15:30:58.355+09:00,ParkDongHan,IdeState,Active,assignment1,Editor,C:/Users/ParkDongHan/IdeaProjects/untitled/src/test.java,,5,0,Default task
2021-09-02T15:30:59.361+09:00,ParkDongHan,IdeState,Active,assignment1,Editor,C:/Users/ParkDongHan/IdeaProjects/untitled/src/test.java,,5,0,Default task
2021-09-02T15:31:00.370+09:00,ParkDongHan,IdeState,Active,assignment1,Editor,C:/Users/ParkDongHan/IdeaProjects/untitled/src/test.java,,5,0,Default task
2021-09-02T15:31:01.384+09:00,ParkDongHan,IdeState,Active,assignment1,Editor,C:/Users/ParkDongHan/IdeaProjects/untitled/src/test.java,,5,0,Default task
2021-09-02T15:31:02.386+09:00,ParkDongHan,IdeState,Active,assignment1,Editor,C:/Users/ParkDongHan/IdeaProjects/untitled/src/test.java,,5,0,Default task
2021-09-02T15:31:03.393+09:00,ParkDongHan,IdeState,Active,assignment1,Editor,C:/Users/ParkDongHan/IdeaProjects/untitled/src/test.java,,5,0,Default task
2021-09-02T15:31:04.406+09:00,ParkDongHan,IdeState,Active,assignment1,Editor,C:/Users/ParkDongHan/IdeaProjects/untitled/src/test.java,,5,0,Default task
2021-09-02T15:31:05.413+09:00,ParkDongHan,IdeState,Active,assignment1,Editor,C:/Users/ParkDongHan/IdeaProjects/untitled/src/test.java,,5,0,Default task
2021-09-02T15:31:06.429+09:00,ParkDongHan,IdeState,Active,assignment1,Editor,C:/Users/ParkDongHan/IdeaProjects/untitled/src/test.java,test::main,2,36,Default task
2021-09-02T15:31:07.435+09:00,ParkDongHan,IdeState,Active,assignment1,Editor,C:/Users/ParkDongHan/IdeaProjects/untitled/src/test.java,test::main,2,36,Default task
2021-09-02T15:31:08.267+09:00,ParkDongHan,KeyEvent,65535:16:1,assignment1,Editor,C:/Users/ParkDongHan/IdeaProjects/untitled/src/test.java,test::main,2,36,Default task
2021-09-02T15:31:08.373+09:00,ParkDongHan,Action,EditorLeftWithSelection,assignment1,Editor,C:/Users/ParkDongHan/IdeaProjects/untitled/src/test.java,test::main,2,36,Default task
2021-09-02T15:31:08.378+09:00,ParkDongHan,KeyEvent,65535:37:1,assignment1,Editor,C:/Users/ParkDongHan/IdeaProjects/untitled/src/test.java,test::main,2,35,Default task
2021-09-02T15:31:08.442+09:00,ParkDongHan,IdeState,Active,assignment1,Editor,C:/Users/ParkDongHan/IdeaProjects/untitled/src/test.java,test::main,2,35,Default task
2021-09-02T15:31:08.870+09:00,ParkDongHan,Action,EditorLeftWithSelection,assignment1,Editor,C:/Users/ParkDongHan/IdeaProjects/untitled/src/test.java,test::main,2,35,Default task
2021-09-02T15:31:08.872+09:00,ParkDongHan,KeyEvent,65535:37:1,assignment1,Editor,C:/Users/ParkDongHan/IdeaProjects/untitled/src/test.java,test::main,2,34,Default task
2021-09-02T15:31:08.902+09:00,ParkDongHan,Action,EditorLeftWithSelection,assignment1,Editor,C:/Users/ParkDongHan/IdeaProjects/untitled/src/test.java,test::main,2,34,Default task
2021-09-02T15:31:08.903+09:00,ParkDongHan,KeyEvent,65535:37:1,assignment1,Editor,C:/Users/ParkDongHan/IdeaProjects/untitled/src/test.java,test::main,2,33,Default task
2021-09-02T15:31:08.935+09:00,ParkDongHan,Action,EditorLeftWithSelection,assignment1,Editor,C:/Users/ParkDongHan/IdeaProjects/untitled/src/test.java,test::main,2,33,Default task
2021-09-02T15:31:08.937+09:00,ParkDongHan,KeyEvent,65535:37:1,assignment1,Editor,C:/Users/ParkDongHan/IdeaProjects/untitled/src/test.java,test::main,2,32,Default task
2021-09-02T15:31:08.968+09:00,ParkDongHan,Action,EditorLeftWithSelection,assignment1,Editor,C:/Users/ParkDongHan/IdeaProjects/untitled/src/test.java,test::main,2,32,Default task
2021-09-02T15:31:08.970+09:00,ParkDongHan,KeyEvent,65535:37:1,assignment1,Editor,C:/Users/ParkDongHan/IdeaProjects/untitled/src/test.java,test::main,2,31,Default task
2021-09-02T15:31:09.002+09:00,ParkDongHan,Action,EditorLeftWithSelection,assignment1,Editor,C:/Users/ParkDongHan/IdeaProjects/untitled/src/test.java,test::main,2,31,Default task
2021-09-02T15:31:09.003+09:00,ParkDongHan,KeyEvent,65535:37:1,assignment1,Editor,C:/Users/ParkDongHan/IdeaProjects/untitled/src/test.java,test::main,2,30,Default task
2021-09-02T15:31:09.036+09:00,ParkDongHan,Action,EditorLeftWithSelection,assignment1,Editor,C:/Users/ParkDongHan/IdeaProjects/untitled/src/test.java,test::main,2,30,Default task
2021-09-02T15:31:09.038+09:00,ParkDongHan,KeyEvent,65535:37:1,assignment1,Editor,C:/Users/ParkDongHan/IdeaProjects/untitled/src/test.java,test::main,2,29,Default task
2021-09-02T15:31:09.069+09:00,ParkDongHan,Action,EditorLeftWithSelection,assignment1,Editor,C:/Users/ParkDongHan/IdeaProjects/untitled/src/test.java,test::main,2,29,Default task
2021-09-02T15:31:09.071+09:00,ParkDongHan,KeyEvent,65535:37:1,assignment1,Editor,C:/Users/ParkDongHan/IdeaProjects/untitled/src/test.java,test::main,2,28,Default task
2021-09-02T15:31:09.103+09:00,ParkDongHan,Action,EditorLeftWithSelection,assignment1,Editor,C:/Users/ParkDongHan/IdeaProjects/untitled/src/test.java,test::main,2,28,Default task
2021-09-02T15:31:09.105+09:00,ParkDongHan,KeyEvent,65535:37:1,assignment1,Editor,C:/Users/ParkDongHan/IdeaProjects/untitled/src/test.java,test::main,2,27,Default task
2021-09-02T15:31:09.135+09:00,ParkDongHan,Action,EditorLeftWithSelection,assignment1,Editor,C:/Users/ParkDongHan/IdeaProjects/untitled/src/test.java,test::main,2,27,Default task
2021-09-02T15:31:09.136+09:00,ParkDongHan,KeyEvent,65535:37:1,assignment1,Editor,C:/Users/ParkDongHan/IdeaProjects/untitled/src/test.java,test::main,2,26,Default task
2021-09-02T15:31:09.169+09:00,ParkDongHan,Action,EditorLeftWithSelection,assignment1,Editor,C:/Users/ParkDongHan/IdeaProjects/untitled/src/test.java,test::main,2,26,Default task
2021-09-02T15:31:09.171+09:00,ParkDongHan,KeyEvent,65535:37:1,assignment1,Editor,C:/Users/ParkDongHan/IdeaProjects/untitled/src/test.java,test::main,2,25,Default task
2021-09-02T15:31:09.202+09:00,ParkDongHan,Action,EditorLeftWithSelection,assignment1,Editor,C:/Users/ParkDongHan/IdeaProjects/untitled/src/test.java,test::main,2,25,Default task
2021-09-02T15:31:09.203+09:00,ParkDongHan,KeyEvent,65535:37:1,assignment1,Editor,C:/Users/ParkDongHan/IdeaProjects/untitled/src/test.java,test::main,2,24,Default task
2021-09-02T15:31:09.237+09:00,ParkDongHan,Action,EditorLeftWithSelection,assignment1,Editor,C:/Users/ParkDongHan/IdeaProjects/untitled/src/test.java,test::main,2,24,Default task
2021-09-02T15:31:09.238+09:00,ParkDongHan,KeyEvent,65535:37:1,assignment1,Editor,C:/Users/ParkDongHan/IdeaProjects/untitled/src/test.java,test::main,2,23,Default task
2021-09-02T15:31:09.268+09:00,ParkDongHan,Action,EditorLeftWithSelection,assignment1,Editor,C:/Users/ParkDongHan/IdeaProjects/untitled/src/test.java,test::main,2,23,Default task
2021-09-02T15:31:09.270+09:00,ParkDongHan,KeyEvent,65535:37:1,assignment1,Editor,C:/Users/ParkDongHan/IdeaProjects/untitled/src/test.java,test::main,2,22,Default task
2021-09-02T15:31:09.304+09:00,ParkDongHan,Action,EditorLeftWithSelection,assignment1,Editor,C:/Users/ParkDongHan/IdeaProjects/untitled/src/test.java,test::main,2,22,Default task
2021-09-02T15:31:09.305+09:00,ParkDongHan,KeyEvent,65535:37:1,assignment1,Editor,C:/Users/ParkDongHan/IdeaProjects/untitled/src/test.java,test::main,2,21,Default task
2021-09-02T15:31:09.335+09:00,ParkDongHan,Action,EditorLeftWithSelection,assignment1,Editor,C:/Users/ParkDongHan/IdeaProjects/untitled/src/test.java,test::main,2,21,Default task
2021-09-02T15:31:09.336+09:00,ParkDongHan,KeyEvent,65535:37:1,assignment1,Editor,C:/Users/ParkDongHan/IdeaProjects/untitled/src/test.java,test::main,2,20,Default task
2021-09-02T15:31:09.369+09:00,ParkDongHan,Action,EditorLeftWithSelection,assignment1,Editor,C:/Users/ParkDongHan/IdeaProjects/untitled/src/test.java,test::main,2,20,Default task
2021-09-02T15:31:09.370+09:00,ParkDongHan,KeyEvent,65535:37:1,assignment1,Editor,C:/Users/ParkDongHan/IdeaProjects/untitled/src/test.java,test::main,2,19,Default task
2021-09-02T15:31:09.401+09:00,ParkDongHan,Action,EditorLeftWithSelection,assignment1,Editor,C:/Users/ParkDongHan/IdeaProjects/untitled/src/test.java,test::main,2,19,Default task
2021-09-02T15:31:09.403+09:00,ParkDongHan,KeyEvent,65535:37:1,assignment1,Editor,C:/Users/ParkDongHan/IdeaProjects/untitled/src/test.java,test::main,2,18,Default task
2021-09-02T15:31:09.435+09:00,ParkDongHan,Action,EditorLeftWithSelection,assignment1,Editor,C:/Users/ParkDongHan/IdeaProjects/untitled/src/test.java,test::main,2,18,Default task
2021-09-02T15:31:09.436+09:00,ParkDongHan,KeyEvent,65535:37:1,assignment1,Editor,C:/Users/ParkDongHan/IdeaProjects/untitled/src/test.java,test::main,2,17,Default task
2021-09-02T15:31:09.457+09:00,ParkDongHan,IdeState,Active,assignment1,Editor,C:/Users/ParkDongHan/IdeaProjects/untitled/src/test.java,test::main,2,17,Default task
2021-09-02T15:31:09.468+09:00,ParkDongHan,Action,EditorLeftWithSelection,assignment1,Editor,C:/Users/ParkDongHan/IdeaProjects/untitled/src/test.java,test::main,2,17,Default task
2021-09-02T15:31:09.469+09:00,ParkDongHan,KeyEvent,65535:37:1,assignment1,Editor,C:/Users/ParkDongHan/IdeaProjects/untitled/src/test.java,test::main,2,16,Default task
2021-09-02T15:31:09.500+09:00,ParkDongHan,Action,EditorLeftWithSelection,assignment1,Editor,C:/Users/ParkDongHan/IdeaProjects/untitled/src/test.java,test::main,2,16,Default task
2021-09-02T15:31:09.502+09:00,ParkDongHan,KeyEvent,65535:37:1,assignment1,Editor,C:/Users/ParkDongHan/IdeaProjects/untitled/src/test.java,test::main,2,15,Default task
2021-09-02T15:31:09.535+09:00,ParkDongHan,Action,EditorLeftWithSelection,assignment1,Editor,C:/Users/ParkDongHan/IdeaProjects/untitled/src/test.java,test::main,2,15,Default task
2021-09-02T15:31:09.536+09:00,ParkDongHan,KeyEvent,65535:37:1,assignment1,Editor,C:/Users/ParkDongHan/IdeaProjects/untitled/src/test.java,test::main,2,14,Default task
2021-09-02T15:31:09.567+09:00,ParkDongHan,Action,EditorLeftWithSelection,assignment1,Editor,C:/Users/ParkDongHan/IdeaProjects/untitled/src/test.java,test::main,2,14,Default task
2021-09-02T15:31:09.569+09:00,ParkDongHan,KeyEvent,65535:37:1,assignment1,Editor,C:/Users/ParkDongHan/IdeaProjects/untitled/src/test.java,test::main,2,13,Default task
2021-09-02T15:31:09.601+09:00,ParkDongHan,Action,EditorLeftWithSelection,assignment1,Editor,C:/Users/ParkDongHan/IdeaProjects/untitled/src/test.java,test::main,2,13,Default task
2021-09-02T15:31:09.602+09:00,ParkDongHan,KeyEvent,65535:37:1,assignment1,Editor,C:/Users/ParkDongHan/IdeaProjects/untitled/src/test.java,test::main,2,12,Default task
2021-09-02T15:31:09.635+09:00,ParkDongHan,Action,EditorLeftWithSelection,assignment1,Editor,C:/Users/ParkDongHan/IdeaProjects/untitled/src/test.java,test::main,2,12,Default task
2021-09-02T15:31:09.636+09:00,ParkDongHan,KeyEvent,65535:37:1,assignment1,Editor,C:/Users/ParkDongHan/IdeaProjects/untitled/src/test.java,test::main,2,11,Default task
2021-09-02T15:31:09.667+09:00,ParkDongHan,Action,EditorLeftWithSelection,assignment1,Editor,C:/Users/ParkDongHan/IdeaProjects/untitled/src/test.java,test::main,2,11,Default task
2021-09-02T15:31:09.669+09:00,ParkDongHan,KeyEvent,65535:37:1,assignment1,Editor,C:/Users/ParkDongHan/IdeaProjects/untitled/src/test.java,test::main,2,10,Default task
2021-09-02T15:31:09.702+09:00,ParkDongHan,Action,EditorLeftWithSelection,assignment1,Editor,C:/Users/ParkDongHan/IdeaProjects/untitled/src/test.java,test::main,2,10,Default task
2021-09-02T15:31:09.703+09:00,ParkDongHan,KeyEvent,65535:37:1,assignment1,Editor,C:/Users/ParkDongHan/IdeaProjects/untitled/src/test.java,test::main,2,9,Default task
2021-09-02T15:31:09.736+09:00,ParkDongHan,Action,EditorLeftWithSelection,assignment1,Editor,C:/Users/ParkDongHan/IdeaProjects/untitled/src/test.java,test::main,2,9,Default task
2021-09-02T15:31:09.737+09:00,ParkDongHan,KeyEvent,65535:37:1,assignment1,Editor,C:/Users/ParkDongHan/IdeaProjects/untitled/src/test.java,test::main,2,8,Default task
2021-09-02T15:31:10.321+09:00,ParkDongHan,Action,EditorBackSpace,assignment1,Editor,C:/Users/ParkDongHan/IdeaProjects/untitled/src/test.java,test::main,2,8,Default task
2021-09-02T15:31:10.351+09:00,ParkDongHan,KeyEvent,8:8:0,assignment1,Editor,C:/Users/ParkDongHan/IdeaProjects/untitled/src/test.java,test::main,2,8,Default task
2021-09-02T15:31:10.469+09:00,ParkDongHan,IdeState,Active,assignment1,Editor,C:/Users/ParkDongHan/IdeaProjects/untitled/src/test.java,test::main,2,8,Default task
2021-09-02T15:31:10.732+09:00,ParkDongHan,KeyEvent,115:83:0,assignment1,Editor,C:/Users/ParkDongHan/IdeaProjects/untitled/src/test.java,test::main,2,8,Default task
2021-09-02T15:31:10.922+09:00,ParkDongHan,KeyEvent,121:89:0,assignment1,Editor,C:/Users/ParkDongHan/IdeaProjects/untitled/src/test.java,test::main,2,9,Default task
2021-09-02T15:31:10.939+09:00,ParkDongHan,KeyEvent,115:83:0,assignment1,Editor,C:/Users/ParkDongHan/IdeaProjects/untitled/src/test.java,test::main,2,10,Default task
2021-09-02T15:31:11.186+09:00,ParkDongHan,KeyEvent,116:84:0,assignment1,Editor,C:/Users/ParkDongHan/IdeaProjects/untitled/src/test.java,test::main,2,11,Default task
2021-09-02T15:31:11.250+09:00,ParkDongHan,KeyEvent,101:69:0,assignment1,Editor,C:/Users/ParkDongHan/IdeaProjects/untitled/src/test.java,test::main,2,12,Default task
2021-09-02T15:31:11.471+09:00,ParkDongHan,IdeState,Active,assignment1,Editor,C:/Users/ParkDongHan/IdeaProjects/untitled/src/test.java,test::main,2,13,Default task
2021-09-02T15:31:11.574+09:00,ParkDongHan,Action,EditorBackSpace,assignment1,Editor,C:/Users/ParkDongHan/IdeaProjects/untitled/src/test.java,test::main,2,13,Default task
2021-09-02T15:31:11.584+09:00,ParkDongHan,KeyEvent,8:8:0,assignment1,Editor,C:/Users/ParkDongHan/IdeaProjects/untitled/src/test.java,test::main,2,12,Default task
2021-09-02T15:31:11.709+09:00,ParkDongHan,Action,EditorBackSpace,assignment1,Editor,C:/Users/ParkDongHan/IdeaProjects/untitled/src/test.java,test::main,2,12,Default task
2021-09-02T15:31:11.712+09:00,ParkDongHan,KeyEvent,8:8:0,assignment1,Editor,C:/Users/ParkDongHan/IdeaProjects/untitled/src/test.java,test::main,2,11,Default task
2021-09-02T15:31:11.790+09:00,ParkDongHan,Action,EditorBackSpace,assignment1,Editor,C:/Users/ParkDongHan/IdeaProjects/untitled/src/test.java,test::main,2,11,Default task
2021-09-02T15:31:11.793+09:00,ParkDongHan,KeyEvent,8:8:0,assignment1,Editor,C:/Users/ParkDongHan/IdeaProjects/untitled/src/test.java,test::main,2,10,Default task
2021-09-02T15:31:11.916+09:00,ParkDongHan,Action,EditorBackSpace,assignment1,Editor,C:/Users/ParkDongHan/IdeaProjects/untitled/src/test.java,test::main,2,10,Default task
2021-09-02T15:31:11.919+09:00,ParkDongHan,KeyEvent,8:8:0,assignment1,Editor,C:/Users/ParkDongHan/IdeaProjects/untitled/src/test.java,test::main,2,9,Default task
2021-09-02T15:31:12.061+09:00,ParkDongHan,Action,EditorBackSpace,assignment1,Editor,C:/Users/ParkDongHan/IdeaProjects/untitled/src/test.java,test::main,2,9,Default task
2021-09-02T15:31:12.063+09:00,ParkDongHan,KeyEvent,8:8:0,assignment1,Editor,C:/Users/ParkDongHan/IdeaProjects/untitled/src/test.java,test::main,2,8,Default task
2021-09-02T15:31:12.252+09:00,ParkDongHan,KeyEvent,65535:16:1,assignment1,Editor,C:/Users/ParkDongHan/IdeaProjects/untitled/src/test.java,test::main,2,8,Default task
2021-09-02T15:31:12.337+09:00,ParkDongHan,KeyEvent,83:83:1,assignment1,Editor,C:/Users/ParkDongHan/IdeaProjects/untitled/src/test.java,test::main,2,8,Default task
2021-09-02T15:31:12.587+09:00,ParkDongHan,IdeState,Active,assignment1,Editor,C:/Users/ParkDongHan/IdeaProjects/untitled/src/test.java,test::main,2,9,Default task
2021-09-02T15:31:12.589+09:00,ParkDongHan,KeyEvent,121:89:0,assignment1,Editor,C:/Users/ParkDongHan/IdeaProjects/untitled/src/test.java,test::main,2,9,Default task
2021-09-02T15:31:12.778+09:00,ParkDongHan,KeyEvent,115:83:0,assignment1,Editor,C:/Users/ParkDongHan/IdeaProjects/untitled/src/test.java,test::main,2,10,Default task
2021-09-02T15:31:13.234+09:00,ParkDongHan,KeyEvent,116:84:0,assignment1,Editor,C:/Users/ParkDongHan/IdeaProjects/untitled/src/test.java,test::main,2,11,Default task
2021-09-02T15:31:13.264+09:00,ParkDongHan,KeyEvent,101:69:0,assignment1,Editor,C:/Users/ParkDongHan/IdeaProjects/untitled/src/test.java,test::main,2,12,Default task
2021-09-02T15:31:13.593+09:00,ParkDongHan,IdeState,Active,assignment1,Editor,C:/Users/ParkDongHan/IdeaProjects/untitled/src/test.java,test::main,2,13,Default task
2021-09-02T15:31:13.673+09:00,ParkDongHan,KeyEvent,109:77:0,assignment1,Editor,C:/Users/ParkDongHan/IdeaProjects/untitled/src/test.java,test::main,2,13,Default task
2021-09-02T15:31:14.328+09:00,ParkDongHan,KeyEvent,46:46:0,assignment1,Editor,C:/Users/ParkDongHan/IdeaProjects/untitled/src/test.java,test::main,2,14,Default task
2021-09-02T15:31:14.606+09:00,ParkDongHan,IdeState,Active,assignment1,Editor,C:/Users/ParkDongHan/IdeaProjects/untitled/src/test.java,test::main,2,15,Default task
2021-09-02T15:31:14.916+09:00,ParkDongHan,KeyEvent,111:79:0,assignment1,Editor,C:/Users/ParkDongHan/IdeaProjects/untitled/src/test.java,test::main,2,15,Default task
2021-09-02T15:31:15.023+09:00,ParkDongHan,KeyEvent,117:85:0,assignment1,Editor,C:/Users/ParkDongHan/IdeaProjects/untitled/src/test.java,test::main,2,16,Default task
2021-09-02T15:31:15.151+09:00,ParkDongHan,KeyEvent,116:84:0,assignment1,Editor,C:/Users/ParkDongHan/IdeaProjects/untitled/src/test.java,test::main,2,17,Default task
2021-09-02T15:31:15.371+09:00,ParkDongHan,KeyEvent,46:46:0,assignment1,Editor,C:/Users/ParkDongHan/IdeaProjects/untitled/src/test.java,test::main,2,18,Default task
2021-09-02T15:31:15.615+09:00,ParkDongHan,IdeState,Active,assignment1,Editor,C:/Users/ParkDongHan/IdeaProjects/untitled/src/test.java,test::main,2,19,Default task
2021-09-02T15:31:16.624+09:00,ParkDongHan,IdeState,Active,assignment1,Editor,C:/Users/ParkDongHan/IdeaProjects/untitled/src/test.java,test::main,2,19,Default task
2021-09-02T15:31:16.838+09:00,ParkDongHan,KeyEvent,112:80:0,assignment1,Editor,C:/Users/ParkDongHan/IdeaProjects/untitled/src/test.java,test::main,2,19,Default task
2021-09-02T15:31:17.501+09:00,ParkDongHan,Action,EditorChooseLookupItem,assignment1,Editor,C:/Users/ParkDongHan/IdeaProjects/untitled/src/test.java,test::main,2,20,Default task
2021-09-02T15:31:17.550+09:00,ParkDongHan,KeyEvent,10:10:0,assignment1,Editor,C:/Users/ParkDongHan/IdeaProjects/untitled/src/test.java,test::main,2,27,Default task
2021-09-02T15:31:17.628+09:00,ParkDongHan,IdeState,Active,assignment1,Editor,C:/Users/ParkDongHan/IdeaProjects/untitled/src/test.java,test::main,2,27,Default task
2021-09-02T15:31:18.676+09:00,ParkDongHan,IdeState,Active,assignment1,Editor,C:/Users/ParkDongHan/IdeaProjects/untitled/src/test.java,test::main,2,27,Default task
2021-09-02T15:31:19.013+09:00,ParkDongHan,KeyEvent,65535:16:1,assignment1,Editor,C:/Users/ParkDongHan/IdeaProjects/untitled/src/test.java,test::main,2,27,Default task
2021-09-02T15:31:19.121+09:00,ParkDongHan,KeyEvent,34:222:1,assignment1,Editor,C:/Users/ParkDongHan/IdeaProjects/untitled/src/test.java,test::main,2,27,Default task
2021-09-02T15:31:19.687+09:00,ParkDongHan,IdeState,Active,assignment1,Editor,C:/Users/ParkDongHan/IdeaProjects/untitled/src/test.java,test::main,2,28,Default task
2021-09-02T15:31:20.694+09:00,ParkDongHan,IdeState,Active,assignment1,Editor,C:/Users/ParkDongHan/IdeaProjects/untitled/src/test.java,test::main,2,28,Default task
2021-09-02T15:31:21.706+09:00,ParkDongHan,IdeState,Active,assignment1,Editor,C:/Users/ParkDongHan/IdeaProjects/untitled/src/test.java,test::main,2,28,Default task
2021-09-02T15:31:22.717+09:00,ParkDongHan,IdeState,Active,assignment1,Editor,C:/Users/ParkDongHan/IdeaProjects/untitled/src/test.java,test::main,2,28,Default task
2021-09-02T15:31:23.723+09:00,ParkDongHan,IdeState,Active,assignment1,Editor,C:/Users/ParkDongHan/IdeaProjects/untitled/src/test.java,test::main,2,28,Default task
2021-09-02T15:31:24.725+09:00,ParkDongHan,IdeState,Inactive,,,,,-1,-1,
2021-09-02T15:31:25.740+09:00,ParkDongHan,IdeState,Inactive,,,,,-1,-1,
2021-09-02T15:31:26.753+09:00,ParkDongHan,IdeState,Inactive,,,,,-1,-1,
2021-09-02T15:31:27.767+09:00,ParkDongHan,IdeState,Inactive,,,,,-1,-1,
2021-09-02T15:31:28.769+09:00,ParkDongHan,IdeState,Inactive,,,,,-1,-1,
2021-09-02T15:31:29.774+09:00,ParkDongHan,IdeState,Inactive,,,,,-1,-1,
2021-09-02T15:31:30.774+09:00,ParkDongHan,IdeState,Inactive,,,,,-1,-1,
2021-09-02T15:31:31.780+09:00,ParkDongHan,IdeState,Inactive,,,,,-1,-1,
2021-09-02T15:31:32.787+09:00,ParkDongHan,IdeState,Inactive,,,,,-1,-1,
2021-09-02T15:31:33.796+09:00,ParkDongHan,IdeState,Inactive,,,,,-1,-1,
2021-09-02T15:31:34.802+09:00,ParkDongHan,IdeState,Inactive,,,,,-1,-1,
2021-09-02T15:31:35.809+09:00,ParkDongHan,IdeState,Inactive,,,,,-1,-1,
2021-09-02T15:31:36.819+09:00,ParkDongHan,IdeState,Inactive,,,,,-1,-1,
2021-09-02T15:31:37.828+09:00,ParkDongHan,IdeState,Inactive,,,,,-1,-1,
2021-09-02T15:31:38.841+09:00,ParkDongHan,IdeState,Inactive,,,,,-1,-1,
2021-09-02T15:31:39.845+09:00,ParkDongHan,IdeState,Inactive,,,,,-1,-1,
2021-09-02T15:31:40.859+09:00,ParkDongHan,IdeState,Inactive,,,,,-1,-1,
2021-09-02T15:31:41.872+09:00,ParkDongHan,IdeState,Inactive,,,,,-1,-1,
2021-09-02T15:31:42.873+09:00,ParkDongHan,IdeState,Inactive,,,,,-1,-1,
2021-09-02T15:31:43.875+09:00,ParkDongHan,IdeState,Inactive,,,,,-1,-1,
2021-09-02T15:31:44.880+09:00,ParkDongHan,IdeState,Inactive,,,,,-1,-1,
2021-09-02T15:31:45.893+09:00,ParkDongHan,IdeState,Active,assignment1,Editor,C:/Users/ParkDongHan/IdeaProjects/untitled/src/test.java,,5,0,Default task
2021-09-02T15:31:46.906+09:00,ParkDongHan,IdeState,Active,assignment1,Editor,C:/Users/ParkDongHan/IdeaProjects/untitled/src/test.java,,5,0,Default task
2021-09-02T15:31:47.920+09:00,ParkDongHan,IdeState,Active,assignment1,Editor,C:/Users/ParkDongHan/IdeaProjects/untitled/src/test.java,,5,0,Default task
2021-09-02T15:31:48.933+09:00,ParkDongHan,IdeState,Active,assignment1,Editor,C:/Users/ParkDongHan/IdeaProjects/untitled/src/test.java,,5,0,Default task
2021-09-02T15:31:49.946+09:00,ParkDongHan,IdeState,Active,assignment1,Editor,C:/Users/ParkDongHan/IdeaProjects/untitled/src/test.java,,0,14,Default task
2021-09-02T15:31:50.954+09:00,ParkDongHan,IdeState,Active,assignment1,Editor,C:/Users/ParkDongHan/IdeaProjects/untitled/src/test.java,,0,17,Default task
2021-09-02T15:31:51.865+09:00,ParkDongHan,KeyEvent,65535:16:1,assignment1,Editor,C:/Users/ParkDongHan/IdeaProjects/untitled/src/test.java,,0,17,Default task
2021-09-02T15:31:51.964+09:00,ParkDongHan,IdeState,Active,assignment1,Editor,C:/Users/ParkDongHan/IdeaProjects/untitled/src/test.java,,0,17,Default task
2021-09-02T15:31:51.994+09:00,ParkDongHan,KeyEvent,72:72:1,assignment1,Editor,C:/Users/ParkDongHan/IdeaProjects/untitled/src/test.java,,0,17,Default task
2021-09-02T15:31:52.314+09:00,ParkDongHan,KeyEvent,101:69:0,assignment1,Editor,C:/Users/ParkDongHan/IdeaProjects/untitled/src/test.java,,0,14,Default task
2021-09-02T15:31:52.845+09:00,ParkDongHan,KeyEvent,108:76:0,assignment1,Editor,C:/Users/ParkDongHan/IdeaProjects/untitled/src/test.java,,0,15,Default task
2021-09-02T15:31:52.976+09:00,ParkDongHan,IdeState,Active,assignment1,Editor,C:/Users/ParkDongHan/IdeaProjects/untitled/src/test.java,,0,16,Default task
2021-09-02T15:31:53.721+09:00,ParkDongHan,KeyEvent,108:76:0,assignment1,Editor,C:/Users/ParkDongHan/IdeaProjects/untitled/src/test.java,,0,16,Default task
2021-09-02T15:31:53.975+09:00,ParkDongHan,KeyEvent,111:79:0,assignment1,Editor,C:/Users/ParkDongHan/IdeaProjects/untitled/src/test.java,,0,17,Default task
2021-09-02T15:31:53.984+09:00,ParkDongHan,IdeState,Active,assignment1,Editor,C:/Users/ParkDongHan/IdeaProjects/untitled/src/test.java,,0,18,Default task
2021-09-02T15:31:54.524+09:00,ParkDongHan,KeyEvent,65535:16:1,assignment1,Editor,C:/Users/ParkDongHan/IdeaProjects/untitled/src/test.java,,0,18,Default task
2021-09-02T15:31:54.673+09:00,ParkDongHan,KeyEvent,87:87:1,assignment1,Editor,C:/Users/ParkDongHan/IdeaProjects/untitled/src/test.java,,0,18,Default task
2021-09-02T15:31:54.904+09:00,ParkDongHan,KeyEvent,111:79:0,assignment1,Editor,C:/Users/ParkDongHan/IdeaProjects/untitled/src/test.java,,0,19,Default task
2021-09-02T15:31:54.987+09:00,ParkDongHan,IdeState,Active,assignment1,Editor,C:/Users/ParkDongHan/IdeaProjects/untitled/src/test.java,,0,20,Default task
2021-09-02T15:31:54.993+09:00,ParkDongHan,KeyEvent,114:82:0,assignment1,Editor,C:/Users/ParkDongHan/IdeaProjects/untitled/src/test.java,,0,20,Default task
2021-09-02T15:31:55.150+09:00,ParkDongHan,KeyEvent,100:68:0,assignment1,Editor,C:/Users/ParkDongHan/IdeaProjects/untitled/src/test.java,,0,21,Default task
2021-09-02T15:31:55.254+09:00,ParkDongHan,KeyEvent,108:76:0,assignment1,Editor,C:/Users/ParkDongHan/IdeaProjects/untitled/src/test.java,,0,22,Default task
2021-09-02T15:31:55.759+09:00,ParkDongHan,Action,EditorBackSpace,assignment1,Editor,C:/Users/ParkDongHan/IdeaProjects/untitled/src/test.java,,0,23,Default task
2021-09-02T15:31:55.761+09:00,ParkDongHan,KeyEvent,8:8:0,assignment1,Editor,C:/Users/ParkDongHan/IdeaProjects/untitled/src/test.java,,0,22,Default task
2021-09-02T15:31:55.886+09:00,ParkDongHan,Action,EditorBackSpace,assignment1,Editor,C:/Users/ParkDongHan/IdeaProjects/untitled/src/test.java,,0,22,Default task
2021-09-02T15:31:55.888+09:00,ParkDongHan,KeyEvent,8:8:0,assignment1,Editor,C:/Users/ParkDongHan/IdeaProjects/untitled/src/test.java,,0,21,Default task
2021-09-02T15:31:55.995+09:00,ParkDongHan,IdeState,Active,assignment1,Editor,C:/Users/ParkDongHan/IdeaProjects/untitled/src/test.java,,0,21,Default task
2021-09-02T15:31:56.047+09:00,ParkDongHan,KeyEvent,100:68:0,assignment1,Editor,C:/Users/ParkDongHan/IdeaProjects/untitled/src/test.java,,0,21,Default task
2021-09-02T15:31:56.162+09:00,ParkDongHan,KeyEvent,108:76:0,assignment1,Editor,C:/Users/ParkDongHan/IdeaProjects/untitled/src/test.java,,0,22,Default task
2021-09-02T15:31:57.011+09:00,ParkDongHan,IdeState,Active,assignment1,Editor,C:/Users/ParkDongHan/IdeaProjects/untitled/src/test.java,,0,23,Default task
2021-09-02T15:31:58.026+09:00,ParkDongHan,IdeState,Active,assignment1,Editor,C:/Users/ParkDongHan/IdeaProjects/untitled/src/test.java,,5,0,Default task
2021-09-02T15:31:59.039+09:00,ParkDongHan,IdeState,Active,assignment1,Editor,C:/Users/ParkDongHan/IdeaProjects/untitled/src/test.java,,3,5,Default task
2021-09-02T15:32:00.047+09:00,ParkDongHan,IdeState,Active,assignment1,Editor,C:/Users/ParkDongHan/IdeaProjects/untitled/src/test.java,,3,5,Default task
2021-09-02T15:32:01.057+09:00,ParkDongHan,IdeState,Active,assignment1,Editor,C:/Users/ParkDongHan/IdeaProjects/untitled/src/test.java,,3,5,Default task
2021-09-02T15:32:02.067+09:00,ParkDongHan,IdeState,Active,assignment1,Editor,C:/Users/ParkDongHan/IdeaProjects/untitled/src/test.java,,3,5,Default task
2021-09-02T15:32:03.079+09:00,ParkDongHan,IdeState,Active,assignment1,Editor,C:/Users/ParkDongHan/IdeaProjects/untitled/src/test.java,,3,5,Default task
2021-09-02T15:32:04.089+09:00,ParkDongHan,IdeState,Active,assignment1,Editor,C:/Users/ParkDongHan/IdeaProjects/untitled/src/test.java,,3,5,Default task
2021-09-02T15:32:05.098+09:00,ParkDongHan,IdeState,Active,assignment1,Editor,C:/Users/ParkDongHan/IdeaProjects/untitled/src/test.java,,3,5,Default task
2021-09-02T15:32:06.111+09:00,ParkDongHan,IdeState,Active,assignment1,Editor,C:/Users/ParkDongHan/IdeaProjects/untitled/src/test.java,,3,5,Default task
2021-09-02T15:32:07.115+09:00,ParkDongHan,IdeState,Active,assignment1,Editor,C:/Users/ParkDongHan/IdeaProjects/untitled/src/test.java,,5,0,Default task
2021-09-02T15:32:08.116+09:00,ParkDongHan,IdeState,Active,assignment1,Editor,C:/Users/ParkDongHan/IdeaProjects/untitled/src/test.java,,0,22,Default task
2021-09-02T15:32:09.126+09:00,ParkDongHan,IdeState,Active,assignment1,Editor,C:/Users/ParkDongHan/IdeaProjects/untitled/src/test.java,,0,23,Default task
2021-09-02T15:32:09.253+09:00,ParkDongHan,Action,EditorBackSpace,assignment1,Editor,C:/Users/ParkDongHan/IdeaProjects/untitled/src/test.java,,0,23,Default task
2021-09-02T15:32:09.257+09:00,ParkDongHan,KeyEvent,8:8:0,assignment1,Editor,C:/Users/ParkDongHan/IdeaProjects/untitled/src/test.java,,0,13,Default task
2021-09-02T15:32:10.137+09:00,ParkDongHan,IdeState,Active,assignment1,Editor,C:/Users/ParkDongHan/IdeaProjects/untitled/src/test.java,,0,13,Default task
2021-09-02T15:32:10.653+09:00,ParkDongHan,Action,EditorBackSpace,assignment1,Editor,C:/Users/ParkDongHan/IdeaProjects/untitled/src/test.java,,0,13,Default task
2021-09-02T15:32:10.655+09:00,ParkDongHan,KeyEvent,8:8:0,assignment1,Editor,C:/Users/ParkDongHan/IdeaProjects/untitled/src/test.java,,0,12,Default task
2021-09-02T15:32:11.111+09:00,ParkDongHan,KeyEvent,32:32:0,assignment1,Editor,C:/Users/ParkDongHan/IdeaProjects/untitled/src/test.java,,0,12,Default task
2021-09-02T15:32:11.145+09:00,ParkDongHan,IdeState,Active,assignment1,Editor,C:/Users/ParkDongHan/IdeaProjects/untitled/src/test.java,,0,13,Default task
2021-09-02T15:32:12.146+09:00,ParkDongHan,IdeState,Active,assignment1,Editor,C:/Users/ParkDongHan/IdeaProjects/untitled/src/test.java,,0,13,Default task
2021-09-02T15:32:12.716+09:00,ParkDongHan,KeyEvent,65535:16:1,assignment1,Editor,C:/Users/ParkDongHan/IdeaProjects/untitled/src/test.java,,0,13,Default task
2021-09-02T15:32:12.805+09:00,ParkDongHan,KeyEvent,72:72:1,assignment1,Editor,C:/Users/ParkDongHan/IdeaProjects/untitled/src/test.java,,0,13,Default task
2021-09-02T15:32:12.935+09:00,ParkDongHan,KeyEvent,101:69:0,assignment1,Editor,C:/Users/ParkDongHan/IdeaProjects/untitled/src/test.java,,0,14,Default task
2021-09-02T15:32:13.103+09:00,ParkDongHan,KeyEvent,108:76:0,assignment1,Editor,C:/Users/ParkDongHan/IdeaProjects/untitled/src/test.java,,0,15,Default task
2021-09-02T15:32:13.151+09:00,ParkDongHan,IdeState,Active,assignment1,Editor,C:/Users/ParkDongHan/IdeaProjects/untitled/src/test.java,,0,16,Default task
2021-09-02T15:32:13.223+09:00,ParkDongHan,KeyEvent,108:76:0,assignment1,Editor,C:/Users/ParkDongHan/IdeaProjects/untitled/src/test.java,,0,16,Default task
2021-09-02T15:32:13.375+09:00,ParkDongHan,KeyEvent,111:79:0,assignment1,Editor,C:/Users/ParkDongHan/IdeaProjects/untitled/src/test.java,,0,17,Default task
2021-09-02T15:32:13.863+09:00,ParkDongHan,KeyEvent,65535:16:1,assignment1,Editor,C:/Users/ParkDongHan/IdeaProjects/untitled/src/test.java,,0,18,Default task
2021-09-02T15:32:14.151+09:00,ParkDongHan,IdeState,Active,assignment1,Editor,C:/Users/ParkDongHan/IdeaProjects/untitled/src/test.java,,0,18,Default task
2021-09-02T15:32:14.184+09:00,ParkDongHan,KeyEvent,87:87:1,assignment1,Editor,C:/Users/ParkDongHan/IdeaProjects/untitled/src/test.java,,0,18,Default task
2021-09-02T15:32:14.371+09:00,ParkDongHan,KeyEvent,111:79:0,assignment1,Editor,C:/Users/ParkDongHan/IdeaProjects/untitled/src/test.java,,0,19,Default task
2021-09-02T15:32:14.668+09:00,ParkDongHan,KeyEvent,114:82:0,assignment1,Editor,C:/Users/ParkDongHan/IdeaProjects/untitled/src/test.java,,0,20,Default task
2021-09-02T15:32:15.130+09:00,ParkDongHan,KeyEvent,108:76:0,assignment1,Editor,C:/Users/ParkDongHan/IdeaProjects/untitled/src/test.java,,0,21,Default task
2021-09-02T15:32:15.152+09:00,ParkDongHan,IdeState,Active,assignment1,Editor,C:/Users/ParkDongHan/IdeaProjects/untitled/src/test.java,,0,22,Default task
2021-09-02T15:32:15.218+09:00,ParkDongHan,KeyEvent,100:68:0,assignment1,Editor,C:/Users/ParkDongHan/IdeaProjects/untitled/src/test.java,,0,22,Default task
2021-09-02T15:32:16.153+09:00,ParkDongHan,IdeState,Active,assignment1,Editor,C:/Users/ParkDongHan/IdeaProjects/untitled/src/test.java,,0,23,Default task
2021-09-02T15:32:17.167+09:00,ParkDongHan,IdeState,Active,assignment1,Popup,C:/Users/ParkDongHan/IdeaProjects/untitled/src/test.java,,0,23,Default task
2021-09-02T15:32:18.168+09:00,ParkDongHan,IdeState,Active,assignment1,Popup,C:/Users/ParkDongHan/IdeaProjects/untitled/src/test.java,,0,23,Default task
2021-09-02T15:32:19.173+09:00,ParkDongHan,IdeState,Active,assignment1,Popup,C:/Users/ParkDongHan/IdeaProjects/untitled/src/test.java,,0,23,Default task
2021-09-02T15:32:20.198+09:00,ParkDongHan,IdeState,Active,assignment1,Popup,C:/Users/ParkDongHan/IdeaProjects/untitled/src/test.java,,0,23,Default task
2021-09-02T15:32:21.204+09:00,ParkDongHan,IdeState,Active,assignment1,Popup,C:/Users/ParkDongHan/IdeaProjects/untitled/src/test.java,,0,23,Default task
2021-09-02T15:32:22.180+09:00,ParkDongHan,Action,RenameFile,assignment1,Popup,C:/Users/ParkDongHan/IdeaProjects/untitled/src/test.java,,0,23,Default task
2021-09-02T15:32:22.385+09:00,ParkDongHan,IdeState,Active,assignment1,Popup,C:/Users/ParkDongHan/IdeaProjects/untitled/src/test.java,,0,23,Default task
2021-09-02T15:32:23.398+09:00,ParkDongHan,IdeState,Active,assignment1,Popup,C:/Users/ParkDongHan/IdeaProjects/untitled/src/test.java,,0,23,Default task
2021-09-02T15:32:24.081+09:00,ParkDongHan,KeyEvent,65535:16:1,assignment1,Popup,C:/Users/ParkDongHan/IdeaProjects/untitled/src/test.java,,0,23,Default task
2021-09-02T15:32:24.188+09:00,ParkDongHan,KeyEvent,72:72:1,assignment1,Popup,C:/Users/ParkDongHan/IdeaProjects/untitled/src/test.java,,0,23,Default task
2021-09-02T15:32:24.296+09:00,ParkDongHan,KeyEvent,101:69:0,assignment1,Popup,C:/Users/ParkDongHan/IdeaProjects/untitled/src/test.java,,0,23,Default task
2021-09-02T15:32:24.408+09:00,ParkDongHan,IdeState,Active,assignment1,Popup,C:/Users/ParkDongHan/IdeaProjects/untitled/src/test.java,,0,23,Default task
2021-09-02T15:32:24.464+09:00,ParkDongHan,KeyEvent,108:76:0,assignment1,Popup,C:/Users/ParkDongHan/IdeaProjects/untitled/src/test.java,,0,23,Default task
2021-09-02T15:32:24.579+09:00,ParkDongHan,KeyEvent,108:76:0,assignment1,Popup,C:/Users/ParkDongHan/IdeaProjects/untitled/src/test.java,,0,23,Default task
2021-09-02T15:32:24.782+09:00,ParkDongHan,KeyEvent,111:79:0,assignment1,Popup,C:/Users/ParkDongHan/IdeaProjects/untitled/src/test.java,,0,23,Default task
2021-09-02T15:32:25.222+09:00,ParkDongHan,KeyEvent,65535:16:1,assignment1,Popup,C:/Users/ParkDongHan/IdeaProjects/untitled/src/test.java,,0,23,Default task
2021-09-02T15:32:25.352+09:00,ParkDongHan,KeyEvent,87:87:1,assignment1,Popup,C:/Users/ParkDongHan/IdeaProjects/untitled/src/test.java,,0,23,Default task
2021-09-02T15:32:25.420+09:00,ParkDongHan,IdeState,Active,assignment1,Popup,C:/Users/ParkDongHan/IdeaProjects/untitled/src/test.java,,0,23,Default task
2021-09-02T15:32:25.539+09:00,ParkDongHan,KeyEvent,111:79:0,assignment1,Popup,C:/Users/ParkDongHan/IdeaProjects/untitled/src/test.java,,0,23,Default task
2021-09-02T15:32:25.678+09:00,ParkDongHan,KeyEvent,114:82:0,assignment1,Popup,C:/Users/ParkDongHan/IdeaProjects/untitled/src/test.java,,0,23,Default task
2021-09-02T15:32:26.280+09:00,ParkDongHan,KeyEvent,108:76:0,assignment1,Popup,C:/Users/ParkDongHan/IdeaProjects/untitled/src/test.java,,0,23,Default task
2021-09-02T15:32:26.389+09:00,ParkDongHan,KeyEvent,100:68:0,assignment1,Popup,C:/Users/ParkDongHan/IdeaProjects/untitled/src/test.java,,0,23,Default task
2021-09-02T15:32:26.429+09:00,ParkDongHan,IdeState,Active,assignment1,Popup,C:/Users/ParkDongHan/IdeaProjects/untitled/src/test.java,,0,23,Default task
2021-09-02T15:32:27.439+09:00,ParkDongHan,IdeState,Active,assignment1,Popup,C:/Users/ParkDongHan/IdeaProjects/untitled/src/test.java,,0,23,Default task
2021-09-02T15:32:28.443+09:00,ParkDongHan,IdeState,Active,assignment1,Popup,C:/Users/ParkDongHan/IdeaProjects/untitled/src/test.java,,0,23,Default task
2021-09-02T15:32:29.451+09:00,ParkDongHan,IdeState,Active,assignment1,Editor,C:/Users/ParkDongHan/IdeaProjects/untitled/src/HelloWorld.java,,0,23,Default task
2021-09-02T15:32:30.459+09:00,ParkDongHan,IdeState,Active,assignment1,Editor,C:/Users/ParkDongHan/IdeaProjects/untitled/src/HelloWorld.java,,5,0,Default task
2021-09-02T15:32:31.471+09:00,ParkDongHan,IdeState,Active,assignment1,Editor,C:/Users/ParkDongHan/IdeaProjects/untitled/src/HelloWorld.java,,5,0,Default task
2021-09-02T15:32:32.475+09:00,ParkDongHan,IdeState,Inactive,,,,,-1,-1,
2021-09-02T15:32:33.483+09:00,ParkDongHan,IdeState,Inactive,,,,,-1,-1,
2021-09-02T15:32:34.496+09:00,ParkDongHan,IdeState,Inactive,,,,,-1,-1,
2021-09-02T15:32:35.510+09:00,ParkDongHan,IdeState,Inactive,,,,,-1,-1,
2021-09-02T15:32:36.518+09:00,ParkDongHan,IdeState,Inactive,,,,,-1,-1,
2021-09-02T15:32:37.533+09:00,ParkDongHan,IdeState,Inactive,,,,,-1,-1,
2021-09-02T15:32:38.540+09:00,ParkDongHan,IdeState,Inactive,,,,,-1,-1,
2021-09-02T15:32:39.541+09:00,ParkDongHan,IdeState,Inactive,,,,,-1,-1,
2021-09-02T15:32:40.542+09:00,ParkDongHan,IdeState,Inactive,,,,,-1,-1,
2021-09-02T15:32:41.547+09:00,ParkDongHan,IdeState,Inactive,,,,,-1,-1,
2021-09-02T15:32:42.551+09:00,ParkDongHan,IdeState,Inactive,,,,,-1,-1,
2021-09-02T15:32:43.553+09:00,ParkDongHan,IdeState,Inactive,,,,,-1,-1,
2021-09-02T15:32:44.554+09:00,ParkDongHan,IdeState,Inactive,,,,,-1,-1,
2021-09-02T15:32:45.559+09:00,ParkDongHan,IdeState,Inactive,,,,,-1,-1,
2021-09-02T15:32:46.569+09:00,ParkDongHan,IdeState,Inactive,,,,,-1,-1,
2021-09-02T15:32:47.582+09:00,ParkDongHan,IdeState,Inactive,,,,,-1,-1,
2021-09-02T15:32:48.589+09:00,ParkDongHan,IdeState,Inactive,,,,,-1,-1,
2021-09-02T15:32:49.600+09:00,ParkDongHan,IdeState,Active,assignment1,Editor,C:/Users/ParkDongHan/IdeaProjects/untitled/src/HelloWorld.java,,5,0,Default task
2021-09-02T15:32:50.614+09:00,ParkDongHan,IdeState,Active,assignment1,Editor,C:/Users/ParkDongHan/IdeaProjects/untitled/src/HelloWorld.java,HelloWorld::main,2,28,Default task
2021-09-02T15:32:51.050+09:00,ParkDongHan,KeyEvent,65535:16:1,assignment1,Editor,C:/Users/ParkDongHan/IdeaProjects/untitled/src/HelloWorld.java,HelloWorld::main,2,28,Default task
2021-09-02T15:32:51.159+09:00,ParkDongHan,KeyEvent,72:72:1,assignment1,Editor,C:/Users/ParkDongHan/IdeaProjects/untitled/src/HelloWorld.java,HelloWorld::main,2,28,Default task
2021-09-02T15:32:51.318+09:00,ParkDongHan,KeyEvent,101:69:0,assignment1,Editor,C:/Users/ParkDongHan/IdeaProjects/untitled/src/HelloWorld.java,HelloWorld::main,2,29,Default task
2021-09-02T15:32:51.488+09:00,ParkDongHan,KeyEvent,108:76:0,assignment1,Editor,C:/Users/ParkDongHan/IdeaProjects/untitled/src/HelloWorld.java,HelloWorld::main,2,30,Default task
2021-09-02T15:32:51.570+09:00,ParkDongHan,KeyEvent,108:76:0,assignment1,Editor,C:/Users/ParkDongHan/IdeaProjects/untitled/src/HelloWorld.java,HelloWorld::main,2,31,Default task
2021-09-02T15:32:51.624+09:00,ParkDongHan,IdeState,Active,assignment1,Editor,C:/Users/ParkDongHan/IdeaProjects/untitled/src/HelloWorld.java,HelloWorld::main,2,32,Default task
2021-09-02T15:32:51.787+09:00,ParkDongHan,KeyEvent,111:79:0,assignment1,Editor,C:/Users/ParkDongHan/IdeaProjects/untitled/src/HelloWorld.java,HelloWorld::main,2,32,Default task
2021-09-02T15:32:52.633+09:00,ParkDongHan,IdeState,Active,assignment1,Editor,C:/Users/ParkDongHan/IdeaProjects/untitled/src/HelloWorld.java,HelloWorld::main,2,33,Default task
2021-09-02T15:32:52.965+09:00,ParkDongHan,KeyEvent,44:44:0,assignment1,Editor,C:/Users/ParkDongHan/IdeaProjects/untitled/src/HelloWorld.java,HelloWorld::main,2,33,Default task
2021-09-02T15:32:53.056+09:00,ParkDongHan,KeyEvent,32:32:0,assignment1,Editor,C:/Users/ParkDongHan/IdeaProjects/untitled/src/HelloWorld.java,HelloWorld::main,2,34,Default task
2021-09-02T15:32:53.204+09:00,ParkDongHan,KeyEvent,65535:16:1,assignment1,Editor,C:/Users/ParkDongHan/IdeaProjects/untitled/src/HelloWorld.java,HelloWorld::main,2,35,Default task
2021-09-02T15:32:53.290+09:00,ParkDongHan,KeyEvent,87:87:1,assignment1,Editor,C:/Users/ParkDongHan/IdeaProjects/untitled/src/HelloWorld.java,HelloWorld::main,2,35,Default task
2021-09-02T15:32:53.420+09:00,ParkDongHan,KeyEvent,111:79:0,assignment1,Editor,C:/Users/ParkDongHan/IdeaProjects/untitled/src/HelloWorld.java,HelloWorld::main,2,36,Default task
2021-09-02T15:32:53.636+09:00,ParkDongHan,IdeState,Active,assignment1,Editor,C:/Users/ParkDongHan/IdeaProjects/untitled/src/HelloWorld.java,HelloWorld::main,2,37,Default task
2021-09-02T15:32:54.149+09:00,ParkDongHan,KeyEvent,114:82:0,assignment1,Editor,C:/Users/ParkDongHan/IdeaProjects/untitled/src/HelloWorld.java,HelloWorld::main,2,37,Default task
2021-09-02T15:32:54.652+09:00,ParkDongHan,IdeState,Active,assignment1,Editor,C:/Users/ParkDongHan/IdeaProjects/untitled/src/HelloWorld.java,HelloWorld::main,2,38,Default task
2021-09-02T15:32:55.125+09:00,ParkDongHan,KeyEvent,108:76:0,assignment1,Editor,C:/Users/ParkDongHan/IdeaProjects/untitled/src/HelloWorld.java,HelloWorld::main,2,38,Default task
2021-09-02T15:32:55.190+09:00,ParkDongHan,KeyEvent,100:68:0,assignment1,Editor,C:/Users/ParkDongHan/IdeaProjects/untitled/src/HelloWorld.java,HelloWorld::main,2,39,Default task
2021-09-02T15:32:55.659+09:00,ParkDongHan,IdeState,Active,assignment1,Editor,C:/Users/ParkDongHan/IdeaProjects/untitled/src/HelloWorld.java,HelloWorld::main,2,40,Default task
2021-09-02T15:32:55.799+09:00,ParkDongHan,KeyEvent,32:32:0,assignment1,Editor,C:/Users/ParkDongHan/IdeaProjects/untitled/src/HelloWorld.java,HelloWorld::main,2,40,Default task
2021-09-02T15:32:56.452+09:00,ParkDongHan,KeyEvent,50:98:0,assignment1,Editor,C:/Users/ParkDongHan/IdeaProjects/untitled/src/HelloWorld.java,HelloWorld::main,2,41,Default task
2021-09-02T15:32:56.599+09:00,ParkDongHan,KeyEvent,48:96:0,assignment1,Editor,C:/Users/ParkDongHan/IdeaProjects/untitled/src/HelloWorld.java,HelloWorld::main,2,42,Default task
2021-09-02T15:32:56.666+09:00,ParkDongHan,IdeState,Active,assignment1,Editor,C:/Users/ParkDongHan/IdeaProjects/untitled/src/HelloWorld.java,HelloWorld::main,2,43,Default task
2021-09-02T15:32:56.813+09:00,ParkDongHan,KeyEvent,49:97:0,assignment1,Editor,C:/Users/ParkDongHan/IdeaProjects/untitled/src/HelloWorld.java,HelloWorld::main,2,43,Default task
2021-09-02T15:32:56.904+09:00,ParkDongHan,KeyEvent,56:104:0,assignment1,Editor,C:/Users/ParkDongHan/IdeaProjects/untitled/src/HelloWorld.java,HelloWorld::main,2,44,Default task
2021-09-02T15:32:57.130+09:00,ParkDongHan,KeyEvent,50:98:0,assignment1,Editor,C:/Users/ParkDongHan/IdeaProjects/untitled/src/HelloWorld.java,HelloWorld::main,2,45,Default task
2021-09-02T15:32:57.490+09:00,ParkDongHan,KeyEvent,52:100:0,assignment1,Editor,C:/Users/ParkDongHan/IdeaProjects/untitled/src/HelloWorld.java,HelloWorld::main,2,46,Default task
2021-09-02T15:32:57.609+09:00,ParkDongHan,KeyEvent,52:100:0,assignment1,Editor,C:/Users/ParkDongHan/IdeaProjects/untitled/src/HelloWorld.java,HelloWorld::main,2,47,Default task
2021-09-02T15:32:57.678+09:00,ParkDongHan,IdeState,Active,assignment1,Editor,C:/Users/ParkDongHan/IdeaProjects/untitled/src/HelloWorld.java,HelloWorld::main,2,48,Default task
2021-09-02T15:32:57.795+09:00,ParkDongHan,KeyEvent,55:103:0,assignment1,Editor,C:/Users/ParkDongHan/IdeaProjects/untitled/src/HelloWorld.java,HelloWorld::main,2,48,Default task
2021-09-02T15:32:57.904+09:00,ParkDongHan,KeyEvent,48:96:0,assignment1,Editor,C:/Users/ParkDongHan/IdeaProjects/untitled/src/HelloWorld.java,HelloWorld::main,2,49,Default task
2021-09-02T15:32:58.330+09:00,ParkDongHan,KeyEvent,65535:16:1,assignment1,Editor,C:/Users/ParkDongHan/IdeaProjects/untitled/src/HelloWorld.java,HelloWorld::main,2,50,Default task
2021-09-02T15:32:58.505+09:00,ParkDongHan,KeyEvent,33:49:1,assignment1,Editor,C:/Users/ParkDongHan/IdeaProjects/untitled/src/HelloWorld.java,HelloWorld::main,2,50,Default task
2021-09-02T15:32:58.693+09:00,ParkDongHan,IdeState,Active,assignment1,Editor,C:/Users/ParkDongHan/IdeaProjects/untitled/src/HelloWorld.java,HelloWorld::main,2,51,Default task
2021-09-02T15:32:59.700+09:00,ParkDongHan,IdeState,Active,assignment1,Editor,C:/Users/ParkDongHan/IdeaProjects/untitled/src/HelloWorld.java,HelloWorld::main,2,51,Default task
2021-09-02T15:33:00.714+09:00,ParkDongHan,IdeState,Active,assignment1,Editor,C:/Users/ParkDongHan/IdeaProjects/untitled/src/HelloWorld.java,,5,0,Default task
2021-09-02T15:33:00.848+09:00,ParkDongHan,KeyEvent,65535:17:2,assignment1,Editor,C:/Users/ParkDongHan/IdeaProjects/untitled/src/HelloWorld.java,,5,0,Default task
2021-09-02T15:33:00.934+09:00,ParkDongHan,Action,SaveAll,assignment1,Editor,C:/Users/ParkDongHan/IdeaProjects/untitled/src/HelloWorld.java,,5,0,Default task
2021-09-02T15:33:00.945+09:00,ParkDongHan,KeyEvent,19:83:2,assignment1,Editor,C:/Users/ParkDongHan/IdeaProjects/untitled/src/HelloWorld.java,,5,0,Default task
2021-09-02T15:33:01.729+09:00,ParkDongHan,IdeState,Active,assignment1,Editor,C:/Users/ParkDongHan/IdeaProjects/untitled/src/HelloWorld.java,,5,0,Default task
2021-09-02T15:33:02.752+09:00,ParkDongHan,IdeState,Active,assignment1,Popup,C:/Users/ParkDongHan/IdeaProjects/untitled/src/HelloWorld.java,,5,0,Default task
2021-09-02T15:33:03.760+09:00,ParkDongHan,IdeState,Active,assignment1,Popup,C:/Users/ParkDongHan/IdeaProjects/untitled/src/HelloWorld.java,,5,0,Default task
2021-09-02T15:33:04.773+09:00,ParkDongHan,IdeState,Active,assignment1,Popup,C:/Users/ParkDongHan/IdeaProjects/untitled/src/HelloWorld.java,,5,0,Default task
2021-09-02T15:33:05.778+09:00,ParkDongHan,IdeState,Active,assignment1,Editor,C:/Users/ParkDongHan/IdeaProjects/untitled/src/HelloWorld.java,,5,0,Default task
2021-09-02T15:33:06.517+09:00,ParkDongHan,KeyEvent,65535:17:2,assignment1,Editor,C:/Users/ParkDongHan/IdeaProjects/untitled/src/HelloWorld.java,,5,0,Default task
2021-09-02T15:33:06.646+09:00,ParkDongHan,KeyEvent,65535:16:3,assignment1,Editor,C:/Users/ParkDongHan/IdeaProjects/untitled/src/HelloWorld.java,,5,0,Default task
2021-09-02T15:33:06.787+09:00,ParkDongHan,IdeState,Active,assignment1,Editor,C:/Users/ParkDongHan/IdeaProjects/untitled/src/HelloWorld.java,,5,0,Default task
2021-09-02T15:33:07.165+09:00,ParkDongHan,KeyEvent,65535:16:3,assignment1,Editor,C:/Users/ParkDongHan/IdeaProjects/untitled/src/HelloWorld.java,,5,0,Default task
2021-09-02T15:33:07.197+09:00,ParkDongHan,KeyEvent,65535:16:3,assignment1,Editor,C:/Users/ParkDongHan/IdeaProjects/untitled/src/HelloWorld.java,,5,0,Default task
2021-09-02T15:33:07.231+09:00,ParkDongHan,KeyEvent,65535:16:3,assignment1,Editor,C:/Users/ParkDongHan/IdeaProjects/untitled/src/HelloWorld.java,,5,0,Default task
2021-09-02T15:33:07.264+09:00,ParkDongHan,KeyEvent,65535:16:3,assignment1,Editor,C:/Users/ParkDongHan/IdeaProjects/untitled/src/HelloWorld.java,,5,0,Default task
2021-09-02T15:33:07.297+09:00,ParkDongHan,KeyEvent,65535:16:3,assignment1,Editor,C:/Users/ParkDongHan/IdeaProjects/untitled/src/HelloWorld.java,,5,0,Default task
2021-09-02T15:33:07.330+09:00,ParkDongHan,KeyEvent,65535:16:3,assignment1,Editor,C:/Users/ParkDongHan/IdeaProjects/untitled/src/HelloWorld.java,,5,0,Default task
2021-09-02T15:33:07.364+09:00,ParkDongHan,KeyEvent,65535:16:3,assignment1,Editor,C:/Users/ParkDongHan/IdeaProjects/untitled/src/HelloWorld.java,,5,0,Default task
2021-09-02T15:33:07.396+09:00,ParkDongHan,KeyEvent,65535:16:3,assignment1,Editor,C:/Users/ParkDongHan/IdeaProjects/untitled/src/HelloWorld.java,,5,0,Default task
2021-09-02T15:33:07.430+09:00,ParkDongHan,KeyEvent,65535:16:3,assignment1,Editor,C:/Users/ParkDongHan/IdeaProjects/untitled/src/HelloWorld.java,,5,0,Default task
2021-09-02T15:33:07.465+09:00,ParkDongHan,KeyEvent,65535:16:3,assignment1,Editor,C:/Users/ParkDongHan/IdeaProjects/untitled/src/HelloWorld.java,,5,0,Default task
2021-09-02T15:33:07.497+09:00,ParkDongHan,KeyEvent,65535:16:3,assignment1,Editor,C:/Users/ParkDongHan/IdeaProjects/untitled/src/HelloWorld.java,,5,0,Default task
2021-09-02T15:33:07.532+09:00,ParkDongHan,KeyEvent,65535:16:3,assignment1,Editor,C:/Users/ParkDongHan/IdeaProjects/untitled/src/HelloWorld.java,,5,0,Default task
2021-09-02T15:33:07.563+09:00,ParkDongHan,KeyEvent,65535:16:3,assignment1,Editor,C:/Users/ParkDongHan/IdeaProjects/untitled/src/HelloWorld.java,,5,0,Default task
2021-09-02T15:33:07.597+09:00,ParkDongHan,KeyEvent,65535:16:3,assignment1,Editor,C:/Users/ParkDongHan/IdeaProjects/untitled/src/HelloWorld.java,,5,0,Default task
2021-09-02T15:33:07.630+09:00,ParkDongHan,KeyEvent,65535:16:3,assignment1,Editor,C:/Users/ParkDongHan/IdeaProjects/untitled/src/HelloWorld.java,,5,0,Default task
2021-09-02T15:33:07.663+09:00,ParkDongHan,KeyEvent,65535:16:3,assignment1,Editor,C:/Users/ParkDongHan/IdeaProjects/untitled/src/HelloWorld.java,,5,0,Default task
2021-09-02T15:33:07.697+09:00,ParkDongHan,KeyEvent,65535:16:3,assignment1,Editor,C:/Users/ParkDongHan/IdeaProjects/untitled/src/HelloWorld.java,,5,0,Default task
2021-09-02T15:33:07.720+09:00,ParkDongHan,Action,RunClass,assignment1,Editor,C:/Users/ParkDongHan/IdeaProjects/untitled/src/HelloWorld.java,,5,0,Default task
2021-09-02T15:33:07.763+09:00,ParkDongHan,KeyEvent,65535:121:3,assignment1,Editor,C:/Users/ParkDongHan/IdeaProjects/untitled/src/HelloWorld.java,,5,0,Default task
2021-09-02T15:33:07.789+09:00,ParkDongHan,IdeState,Active,assignment1,Editor,C:/Users/ParkDongHan/IdeaProjects/untitled/src/HelloWorld.java,,5,0,Default task
2021-09-02T15:33:08.793+09:00,ParkDongHan,IdeState,Active,assignment1,Editor,C:/Users/ParkDongHan/IdeaProjects/untitled/src/HelloWorld.java,,5,0,Default task
2021-09-02T15:33:09.794+09:00,ParkDongHan,IdeState,Active,assignment1,Editor,C:/Users/ParkDongHan/IdeaProjects/untitled/src/HelloWorld.java,,5,0,Default task
2021-09-02T15:33:10.797+09:00,ParkDongHan,IdeState,Active,assignment1,Editor,C:/Users/ParkDongHan/IdeaProjects/untitled/src/HelloWorld.java,,5,0,Default task
2021-09-02T15:33:11.804+09:00,ParkDongHan,IdeState,Active,assignment1,Editor,C:/Users/ParkDongHan/IdeaProjects/untitled/src/HelloWorld.java,,5,0,Default task
2021-09-02T15:33:12.806+09:00,ParkDongHan,IdeState,Active,assignment1,Editor,C:/Users/ParkDongHan/IdeaProjects/untitled/src/HelloWorld.java,,5,0,Default task
2021-09-02T15:33:13.815+09:00,ParkDongHan,IdeState,Active,assignment1,Editor,C:/Users/ParkDongHan/IdeaProjects/untitled/src/HelloWorld.java,,5,0,Default task
2021-09-02T15:33:14.822+09:00,ParkDongHan,IdeState,Active,assignment1,Editor,C:/Users/ParkDongHan/IdeaProjects/untitled/src/HelloWorld.java,,5,0,Default task
2021-09-02T15:33:15.827+09:00,ParkDongHan,IdeState,Active,assignment1,Popup,C:/Users/ParkDongHan/IdeaProjects/untitled/src/HelloWorld.java,,5,0,Default task
2021-09-02T15:33:16.857+09:00,ParkDongHan,IdeState,Active,assignment1,Popup,C:/Users/ParkDongHan/IdeaProjects/untitled/src/HelloWorld.java,,5,0,Default task
2021-09-02T15:33:17.866+09:00,ParkDongHan,IdeState,Active,assignment1,Popup,C:/Users/ParkDongHan/IdeaProjects/untitled/src/HelloWorld.java,,5,0,Default task
2021-09-02T15:33:18.872+09:00,ParkDongHan,IdeState,Active,assignment1,Popup,C:/Users/ParkDongHan/IdeaProjects/untitled/src/HelloWorld.java,,5,0,Default task
2021-09-02T15:33:19.887+09:00,ParkDongHan,IdeState,Active,assignment1,Editor,C:/Users/ParkDongHan/AppData/Roaming/JetBrains/IdeaIC2021.2/plugins/activity-tracker/ide-events.csv,,0,0,Default task
2021-09-02T15:33:20.890+09:00,ParkDongHan,IdeState,Active,assignment1,Editor,C:/Users/ParkDongHan/AppData/Roaming/JetBrains/IdeaIC2021.2/plugins/activity-tracker/ide-events.csv,,0,0,Default task
2021-09-02T15:33:21.954+09:00,ParkDongHan,IdeState,Active,assignment1,Editor,C:/Users/ParkDongHan/AppData/Roaming/JetBrains/IdeaIC2021.2/plugins/activity-tracker/ide-events.csv,,0,0,Default task
2021-09-02T15:33:22.970+09:00,ParkDongHan,IdeState,Active,assignment1,Editor,C:/Users/ParkDongHan/AppData/Roaming/JetBrains/IdeaIC2021.2/plugins/activity-tracker/ide-events.csv,,0,0,Default task
2021-09-02T15:33:23.982+09:00,ParkDongHan,IdeState,Active,assignment1,Editor,C:/Users/ParkDongHan/AppData/Roaming/JetBrains/IdeaIC2021.2/plugins/activity-tracker/ide-events.csv,,0,0,Default task
2021-09-02T15:33:24.994+09:00,ParkDongHan,IdeState,Active,assignment1,Editor,C:/Users/ParkDongHan/AppData/Roaming/JetBrains/IdeaIC2021.2/plugins/activity-tracker/ide-events.csv,,0,0,Default task
2021-09-02T15:33:26.000+09:00,ParkDongHan,IdeState,Active,assignment1,Editor,C:/Users/ParkDongHan/AppData/Roaming/JetBrains/IdeaIC2021.2/plugins/activity-tracker/ide-events.csv,,0,0,Default task
2021-09-02T15:33:27.013+09:00,ParkDongHan,IdeState,Active,assignment1,Editor,C:/Users/ParkDongHan/AppData/Roaming/JetBrains/IdeaIC2021.2/plugins/activity-tracker/ide-events.csv,,0,0,Default task
2021-09-02T15:33:28.026+09:00,ParkDongHan,IdeState,Active,assignment1,Editor,C:/Users/ParkDongHan/AppData/Roaming/JetBrains/IdeaIC2021.2/plugins/activity-tracker/ide-events.csv,,0,0,Default task
2021-09-02T15:33:29.031+09:00,ParkDongHan,IdeState,Active,assignment1,Editor,C:/Users/ParkDongHan/AppData/Roaming/JetBrains/IdeaIC2021.2/plugins/activity-tracker/ide-events.csv,,0,0,Default task
2021-09-02T15:33:30.039+09:00,ParkDongHan,IdeState,Active,assignment1,Editor,C:/Users/ParkDongHan/AppData/Roaming/JetBrains/IdeaIC2021.2/plugins/activity-tracker/ide-events.csv,,0,0,Default task
2021-09-02T15:33:31.044+09:00,ParkDongHan,IdeState,Active,assignment1,Editor,C:/Users/ParkDongHan/AppData/Roaming/JetBrains/IdeaIC2021.2/plugins/activity-tracker/ide-events.csv,,0,0,Default task
2021-09-02T15:33:32.051+09:00,ParkDongHan,IdeState,Active,assignment1,Editor,C:/Users/ParkDongHan/AppData/Roaming/JetBrains/IdeaIC2021.2/plugins/activity-tracker/ide-events.csv,,0,0,Default task
2021-09-02T15:33:33.063+09:00,ParkDongHan,IdeState,Active,assignment1,Editor,C:/Users/ParkDongHan/AppData/Roaming/JetBrains/IdeaIC2021.2/plugins/activity-tracker/ide-events.csv,,0,0,Default task
2021-09-02T15:33:34.067+09:00,ParkDongHan,IdeState,Active,assignment1,Editor,C:/Users/ParkDongHan/AppData/Roaming/JetBrains/IdeaIC2021.2/plugins/activity-tracker/ide-events.csv,,0,0,Default task
2021-09-02T15:33:35.071+09:00,ParkDongHan,IdeState,Active,assignment1,Editor,C:/Users/ParkDongHan/AppData/Roaming/JetBrains/IdeaIC2021.2/plugins/activity-tracker/ide-events.csv,,0,0,Default task
2021-09-02T15:33:36.074+09:00,ParkDongHan,IdeState,Active,assignment1,Editor,C:/Users/ParkDongHan/AppData/Roaming/JetBrains/IdeaIC2021.2/plugins/activity-tracker/ide-events.csv,,0,0,Default task
2021-09-02T15:33:37.081+09:00,ParkDongHan,IdeState,Active,assignment1,Editor,C:/Users/ParkDongHan/AppData/Roaming/JetBrains/IdeaIC2021.2/plugins/activity-tracker/ide-events.csv,,0,0,Default task
2021-09-02T15:33:38.096+09:00,ParkDongHan,IdeState,Active,assignment1,Editor,C:/Users/ParkDongHan/AppData/Roaming/JetBrains/IdeaIC2021.2/plugins/activity-tracker/ide-events.csv,,0,0,Default task
2021-09-02T15:33:39.098+09:00,ParkDongHan,IdeState,Active,assignment1,Editor,C:/Users/ParkDongHan/AppData/Roaming/JetBrains/IdeaIC2021.2/plugins/activity-tracker/ide-events.csv,,0,0,Default task
2021-09-02T15:33:40.103+09:00,ParkDongHan,IdeState,Active,assignment1,Editor,C:/Users/ParkDongHan/AppData/Roaming/JetBrains/IdeaIC2021.2/plugins/activity-tracker/ide-events.csv,,0,0,Default task
2021-09-02T15:33:41.106+09:00,ParkDongHan,IdeState,Active,assignment1,Editor,C:/Users/ParkDongHan/AppData/Roaming/JetBrains/IdeaIC2021.2/plugins/activity-tracker/ide-events.csv,,0,0,Default task
2021-09-02T15:33:42.120+09:00,ParkDongHan,IdeState,Active,assignment1,Editor,C:/Users/ParkDongHan/AppData/Roaming/JetBrains/IdeaIC2021.2/plugins/activity-tracker/ide-events.csv,,0,0,Default task
2021-09-02T15:33:43.123+09:00,ParkDongHan,IdeState,Active,assignment1,Editor,C:/Users/ParkDongHan/AppData/Roaming/JetBrains/IdeaIC2021.2/plugins/activity-tracker/ide-events.csv,,0,0,Default task
2021-09-02T15:33:44.126+09:00,ParkDongHan,IdeState,Active,assignment1,Editor,C:/Users/ParkDongHan/AppData/Roaming/JetBrains/IdeaIC2021.2/plugins/activity-tracker/ide-events.csv,,0,0,Default task
2021-09-02T15:33:45.129+09:00,ParkDongHan,IdeState,Active,assignment1,Editor,C:/Users/ParkDongHan/AppData/Roaming/JetBrains/IdeaIC2021.2/plugins/activity-tracker/ide-events.csv,,0,0,Default task
2021-09-02T15:33:46.144+09:00,ParkDongHan,IdeState,Active,assignment1,Editor,C:/Users/ParkDongHan/AppData/Roaming/JetBrains/IdeaIC2021.2/plugins/activity-tracker/ide-events.csv,,0,0,Default task
2021-09-02T15:33:47.158+09:00,ParkDongHan,IdeState,Active,assignment1,Editor,C:/Users/ParkDongHan/AppData/Roaming/JetBrains/IdeaIC2021.2/plugins/activity-tracker/ide-events.csv,,0,0,Default task
2021-09-02T15:33:48.166+09:00,ParkDongHan,IdeState,Active,assignment1,Editor,C:/Users/ParkDongHan/AppData/Roaming/JetBrains/IdeaIC2021.2/plugins/activity-tracker/ide-events.csv,,0,0,Default task
2021-09-02T15:33:49.175+09:00,ParkDongHan,IdeState,Active,assignment1,Editor,C:/Users/ParkDongHan/AppData/Roaming/JetBrains/IdeaIC2021.2/plugins/activity-tracker/ide-events.csv,,0,0,Default task
2021-09-02T15:33:50.187+09:00,ParkDongHan,IdeState,Active,assignment1,Editor,C:/Users/ParkDongHan/AppData/Roaming/JetBrains/IdeaIC2021.2/plugins/activity-tracker/ide-events.csv,,0,0,Default task
2021-09-02T15:33:51.196+09:00,ParkDongHan,IdeState,Active,assignment1,Editor,C:/Users/ParkDongHan/AppData/Roaming/JetBrains/IdeaIC2021.2/plugins/activity-tracker/ide-events.csv,,0,0,Default task
2021-09-02T15:33:52.197+09:00,ParkDongHan,IdeState,Active,assignment1,Editor,C:/Users/ParkDongHan/AppData/Roaming/JetBrains/IdeaIC2021.2/plugins/activity-tracker/ide-events.csv,,0,0,Default task
2021-09-02T15:33:53.199+09:00,ParkDongHan,IdeState,Active,assignment1,Editor,C:/Users/ParkDongHan/AppData/Roaming/JetBrains/IdeaIC2021.2/plugins/activity-tracker/ide-events.csv,,0,0,Default task
2021-09-02T15:33:54.201+09:00,ParkDongHan,IdeState,Active,assignment1,Editor,C:/Users/ParkDongHan/AppData/Roaming/JetBrains/IdeaIC2021.2/plugins/activity-tracker/ide-events.csv,,0,0,Default task
2021-09-02T15:33:55.206+09:00,ParkDongHan,IdeState,Active,assignment1,Editor,C:/Users/ParkDongHan/AppData/Roaming/JetBrains/IdeaIC2021.2/plugins/activity-tracker/ide-events.csv,,0,0,Default task
2021-09-02T15:33:56.217+09:00,ParkDongHan,IdeState,Active,assignment1,Editor,C:/Users/ParkDongHan/AppData/Roaming/JetBrains/IdeaIC2021.2/plugins/activity-tracker/ide-events.csv,,0,0,Default task
2021-09-02T15:33:57.222+09:00,ParkDongHan,IdeState,Active,assignment1,Editor,C:/Users/ParkDongHan/AppData/Roaming/JetBrains/IdeaIC2021.2/plugins/activity-tracker/ide-events.csv,,0,0,Default task
2021-09-02T15:33:58.233+09:00,ParkDongHan,IdeState,Active,assignment1,Editor,C:/Users/ParkDongHan/AppData/Roaming/JetBrains/IdeaIC2021.2/plugins/activity-tracker/ide-events.csv,,0,0,Default task
2021-09-02T15:33:59.238+09:00,ParkDongHan,IdeState,Active,assignment1,Editor,C:/Users/ParkDongHan/AppData/Roaming/JetBrains/IdeaIC2021.2/plugins/activity-tracker/ide-events.csv,,0,0,Default task
2021-09-02T15:34:00.240+09:00,ParkDongHan,IdeState,Active,assignment1,Editor,C:/Users/ParkDongHan/IdeaProjects/untitled/src/HelloWorld.java,,5,0,Default task
2021-09-02T15:34:01.243+09:00,ParkDongHan,IdeState,Active,assignment1,Editor,C:/Users/ParkDongHan/IdeaProjects/untitled/src/HelloWorld.java,,5,0,Default task
2021-09-02T15:34:02.258+09:00,ParkDongHan,IdeState,Active,assignment1,Editor,C:/Users/ParkDongHan/IdeaProjects/untitled/src/HelloWorld.java,,5,0,Default task
2021-09-02T15:34:03.264+09:00,ParkDongHan,IdeState,Active,assignment1,Editor,C:/Users/ParkDongHan/IdeaProjects/untitled/src/HelloWorld.java,,5,0,Default task
2021-09-02T15:34:04.272+09:00,ParkDongHan,IdeState,Active,assignment1,Editor,C:/Users/ParkDongHan/IdeaProjects/untitled/src/HelloWorld.java,,5,0,Default task
2021-09-02T15:34:05.288+09:00,ParkDongHan,IdeState,Inactive,,,,,-1,-1,
2021-09-02T15:34:06.296+09:00,ParkDongHan,IdeState,Inactive,,,,,-1,-1,
2021-09-02T15:34:07.306+09:00,ParkDongHan,IdeState,Inactive,,,,,-1,-1,
2021-09-02T15:34:08.316+09:00,ParkDongHan,IdeState,Inactive,,,,,-1,-1,
2021-09-02T15:34:09.323+09:00,ParkDongHan,IdeState,Active,assignment1,Editor,C:/Users/ParkDongHan/IdeaProjects/untitled/src/HelloWorld.java,,5,0,Default task
2021-09-02T15:34:10.329+09:00,ParkDongHan,IdeState,Active,assignment1,Editor,C:/Users/ParkDongHan/IdeaProjects/untitled/src/HelloWorld.java,,5,0,Default task
2021-09-02T15:34:11.332+09:00,ParkDongHan,IdeState,Active,assignment1,Editor,C:/Users/ParkDongHan/IdeaProjects/untitled/src/HelloWorld.java,,5,0,Default task
2021-09-02T15:34:12.341+09:00,ParkDongHan,IdeState,Active,assignment1,Editor,C:/Users/ParkDongHan/IdeaProjects/untitled/src/HelloWorld.java,,5,0,Default task
2021-09-02T15:34:12.421+09:00,ParkDongHan,KeyEvent,65535:524:0,assignment1,Editor,C:/Users/ParkDongHan/IdeaProjects/untitled/src/HelloWorld.java,,5,0,Default task
2021-09-02T15:34:12.464+09:00,ParkDongHan,KeyEvent,65535:16:1,assignment1,Editor,C:/Users/ParkDongHan/IdeaProjects/untitled/src/HelloWorld.java,,5,0,Default task
2021-09-02T15:34:13.343+09:00,ParkDongHan,IdeState,Active,assignment1,Editor,C:/Users/ParkDongHan/IdeaProjects/untitled/src/HelloWorld.java,,5,0,Default task
2021-09-02T15:34:14.358+09:00,ParkDongHan,IdeState,Inactive,,,,,-1,-1,
2021-09-02T15:34:15.372+09:00,ParkDongHan,IdeState,Inactive,,,,,-1,-1,
2021-09-02T15:34:16.383+09:00,ParkDongHan,IdeState,Inactive,,,,,-1,-1,
2021-09-02T15:34:17.393+09:00,ParkDongHan,IdeState,Active,assignment1,Editor,C:/Users/ParkDongHan/IdeaProjects/untitled/src/HelloWorld.java,,5,0,Default task
2021-09-02T15:34:18.402+09:00,ParkDongHan,IdeState,Active,assignment1,Editor,C:/Users/ParkDongHan/IdeaProjects/untitled/src/HelloWorld.java,,5,0,Default task
2021-09-02T15:34:19.402+09:00,ParkDongHan,IdeState,Inactive,,,,,-1,-1,
2021-09-02T15:34:20.411+09:00,ParkDongHan,IdeState,Inactive,,,,,-1,-1,
2021-09-02T15:34:21.412+09:00,ParkDongHan,IdeState,Inactive,,,,,-1,-1,
2021-09-02T15:34:22.414+09:00,ParkDongHan,IdeState,Inactive,,,,,-1,-1,
2021-09-02T15:34:23.418+09:00,ParkDongHan,IdeState,Inactive,,,,,-1,-1,
2021-09-02T15:34:24.420+09:00,ParkDongHan,IdeState,Inactive,,,,,-1,-1,
2021-09-02T15:34:25.427+09:00,ParkDongHan,IdeState,Inactive,,,,,-1,-1,
2021-09-02T15:34:26.433+09:00,ParkDongHan,IdeState,Inactive,,,,,-1,-1,
2021-09-02T15:34:27.436+09:00,ParkDongHan,IdeState,Inactive,,,,,-1,-1,
2021-09-02T15:34:28.443+09:00,ParkDongHan,IdeState,Inactive,,,,,-1,-1,
2021-09-02T15:34:29.449+09:00,ParkDongHan,IdeState,Inactive,,,,,-1,-1,
2021-09-02T15:34:30.452+09:00,ParkDongHan,IdeState,Inactive,,,,,-1,-1,
2021-09-02T15:34:31.452+09:00,ParkDongHan,IdeState,Inactive,,,,,-1,-1,
2021-09-02T15:34:32.454+09:00,ParkDongHan,IdeState,Inactive,,,,,-1,-1,
2021-09-02T15:34:33.463+09:00,ParkDongHan,IdeState,Inactive,,,,,-1,-1,
2021-09-02T15:34:34.466+09:00,ParkDongHan,IdeState,Inactive,,,,,-1,-1,
2021-09-02T15:34:35.477+09:00,ParkDongHan,IdeState,Inactive,,,,,-1,-1,
2021-09-02T15:34:36.483+09:00,ParkDongHan,IdeState,Inactive,,,,,-1,-1,
2021-09-02T15:34:37.485+09:00,ParkDongHan,IdeState,Active,assignment1,Editor,C:/Users/ParkDongHan/IdeaProjects/untitled/src/HelloWorld.java,,5,0,Default task
2021-09-02T15:34:38.500+09:00,ParkDongHan,IdeState,Active,assignment1,Editor,C:/Users/ParkDongHan/IdeaProjects/untitled/src/HelloWorld.java,,5,0,Default task
2021-09-02T15:34:39.501+09:00,ParkDongHan,IdeState,Active,assignment1,Popup,C:/Users/ParkDongHan/IdeaProjects/untitled/src/HelloWorld.java,,5,0,Default task
2021-09-02T15:34:40.506+09:00,ParkDongHan,IdeState,Active,assignment1,Popup,C:/Users/ParkDongHan/IdeaProjects/untitled/src/HelloWorld.java,,5,0,Default task
2021-09-02T15:34:41.509+09:00,ParkDongHan,IdeState,Active,assignment1,Popup,C:/Users/ParkDongHan/IdeaProjects/untitled/src/HelloWorld.java,,5,0,Default task
2021-09-02T15:34:42.516+09:00,ParkDongHan,IdeState,Active,assignment1,Popup,C:/Users/ParkDongHan/IdeaProjects/untitled/src/HelloWorld.java,,5,0,Default task
2021-09-02T15:34:43.518+09:00,ParkDongHan,IdeState,Active,assignment1,Popup,C:/Users/ParkDongHan/IdeaProjects/untitled/src/HelloWorld.java,,5,0,Default task
2021-09-02T15:34:44.521+09:00,ParkDongHan,IdeState,Active,assignment1,Editor,C:/Users/ParkDongHan/AppData/Roaming/JetBrains/IdeaIC2021.2/plugins/activity-tracker/ide-events.csv,,0,0,Default task
2021-09-02T15:34:45.526+09:00,ParkDongHan,IdeState,Active,assignment1,Editor,C:/Users/ParkDongHan/AppData/Roaming/JetBrains/IdeaIC2021.2/plugins/activity-tracker/ide-events.csv,,0,0,Default task
2021-09-02T15:34:46.531+09:00,ParkDongHan,IdeState,Active,assignment1,Popup,C:/Users/ParkDongHan/AppData/Roaming/JetBrains/IdeaIC2021.2/plugins/activity-tracker/ide-events.csv,,0,0,Default task
2021-09-02T15:34:47.538+09:00,ParkDongHan,IdeState,Active,assignment1,Popup,C:/Users/ParkDongHan/AppData/Roaming/JetBrains/IdeaIC2021.2/plugins/activity-tracker/ide-events.csv,,0,0,Default task
2021-09-02T15:34:48.545+09:00,ParkDongHan,IdeState,Active,assignment1,Popup,C:/Users/ParkDongHan/AppData/Roaming/JetBrains/IdeaIC2021.2/plugins/activity-tracker/ide-events.csv,,0,0,Default task
2021-09-02T15:34:49.547+09:00,ParkDongHan,IdeState,Active,assignment1,Popup,C:/Users/ParkDongHan/AppData/Roaming/JetBrains/IdeaIC2021.2/plugins/activity-tracker/ide-events.csv,,0,0,Default task
2021-09-02T15:34:50.548+09:00,ParkDongHan,IdeState,Active,assignment1,Popup,C:/Users/ParkDongHan/AppData/Roaming/JetBrains/IdeaIC2021.2/plugins/activity-tracker/ide-events.csv,,0,0,Default task
2021-09-02T15:34:51.550+09:00,ParkDongHan,IdeState,Active,assignment1,Popup,C:/Users/ParkDongHan/AppData/Roaming/JetBrains/IdeaIC2021.2/plugins/activity-tracker/ide-events.csv,,0,0,Default task
2021-09-02T15:34:52.562+09:00,ParkDongHan,IdeState,Active,assignment1,Popup,C:/Users/ParkDongHan/AppData/Roaming/JetBrains/IdeaIC2021.2/plugins/activity-tracker/ide-events.csv,,0,0,Default task
2021-09-02T15:34:53.568+09:00,ParkDongHan,IdeState,Active,assignment1,Popup,C:/Users/ParkDongHan/AppData/Roaming/JetBrains/IdeaIC2021.2/plugins/activity-tracker/ide-events.csv,,0,0,Default task
2021-09-02T15:34:53.784+09:00,ParkDongHan,Action,ShowFilePath,assignment1,Popup,C:/Users/ParkDongHan/AppData/Roaming/JetBrains/IdeaIC2021.2/plugins/activity-tracker/ide-events.csv,,0,0,Default task
2021-09-02T15:34:54.573+09:00,ParkDongHan,IdeState,Active,assignment1,Popup,C:/Users/ParkDongHan/AppData/Roaming/JetBrains/IdeaIC2021.2/plugins/activity-tracker/ide-events.csv,,0,0,Default task
2021-09-02T15:34:55.575+09:00,ParkDongHan,IdeState,Active,assignment1,Popup,C:/Users/ParkDongHan/AppData/Roaming/JetBrains/IdeaIC2021.2/plugins/activity-tracker/ide-events.csv,,0,0,Default task
2021-09-02T15:34:56.587+09:00,ParkDongHan,IdeState,Active,assignment1,Popup,C:/Users/ParkDongHan/AppData/Roaming/JetBrains/IdeaIC2021.2/plugins/activity-tracker/ide-events.csv,,0,0,Default task
2021-09-02T15:34:57.599+09:00,ParkDongHan,IdeState,Active,assignment1,Popup,C:/Users/ParkDongHan/AppData/Roaming/JetBrains/IdeaIC2021.2/plugins/activity-tracker/ide-events.csv,,0,0,Default task
2021-09-02T15:34:58.609+09:00,ParkDongHan,IdeState,Active,assignment1,Popup,C:/Users/ParkDongHan/AppData/Roaming/JetBrains/IdeaIC2021.2/plugins/activity-tracker/ide-events.csv,,0,0,Default task
2021-09-02T15:34:59.614+09:00,ParkDongHan,IdeState,Active,assignment1,Editor,C:/Users/ParkDongHan/AppData/Roaming/JetBrains/IdeaIC2021.2/plugins/activity-tracker/ide-events.csv,,0,0,Default task
2021-09-02T15:35:00.627+09:00,ParkDongHan,IdeState,Active,assignment1,Editor,C:/Users/ParkDongHan/AppData/Roaming/JetBrains/IdeaIC2021.2/plugins/activity-tracker/ide-events.csv,,0,0,Default task
2021-09-02T15:35:01.641+09:00,ParkDongHan,IdeState,Active,assignment1,Popup,C:/Users/ParkDongHan/AppData/Roaming/JetBrains/IdeaIC2021.2/plugins/activity-tracker/ide-events.csv,,0,0,Default task
2021-09-02T15:35:02.645+09:00,ParkDongHan,IdeState,Active,assignment1,Popup,C:/Users/ParkDongHan/AppData/Roaming/JetBrains/IdeaIC2021.2/plugins/activity-tracker/ide-events.csv,,0,0,Default task
2021-09-02T15:35:03.656+09:00,ParkDongHan,IdeState,Active,assignment1,Popup,C:/Users/ParkDongHan/AppData/Roaming/JetBrains/IdeaIC2021.2/plugins/activity-tracker/ide-events.csv,,0,0,Default task
2021-09-02T15:35:04.664+09:00,ParkDongHan,IdeState,Active,assignment1,Popup,C:/Users/ParkDongHan/AppData/Roaming/JetBrains/IdeaIC2021.2/plugins/activity-tracker/ide-events.csv,,0,0,Default task
2021-09-02T15:35:05.667+09:00,ParkDongHan,IdeState,Active,assignment1,Popup,C:/Users/ParkDongHan/AppData/Roaming/JetBrains/IdeaIC2021.2/plugins/activity-tracker/ide-events.csv,,0,0,Default task
2021-09-02T15:35:05.828+09:00,ParkDongHan,Action,RevealIn,assignment1,Popup,C:/Users/ParkDongHan/AppData/Roaming/JetBrains/IdeaIC2021.2/plugins/activity-tracker/ide-events.csv,,0,0,Default task
2021-09-02T15:35:06.675+09:00,ParkDongHan,IdeState,Active,assignment1,Editor,C:/Users/ParkDongHan/AppData/Roaming/JetBrains/IdeaIC2021.2/plugins/activity-tracker/ide-events.csv,,0,0,Default task
2021-09-02T15:35:07.687+09:00,ParkDongHan,IdeState,Inactive,,,,,-1,-1,
2021-09-02T15:35:08.699+09:00,ParkDongHan,IdeState,Inactive,,,,,-1,-1,
2021-09-02T15:35:09.704+09:00,ParkDongHan,IdeState,Inactive,,,,,-1,-1,
2021-09-02T15:35:10.710+09:00,ParkDongHan,IdeState,Inactive,,,,,-1,-1,
2021-09-02T15:35:11.721+09:00,ParkDongHan,IdeState,Inactive,,,,,-1,-1,
2021-09-02T15:35:12.735+09:00,ParkDongHan,IdeState,Inactive,,,,,-1,-1,
2021-09-02T15:35:13.741+09:00,ParkDongHan,IdeState,Inactive,,,,,-1,-1,
2021-09-02T15:35:14.757+09:00,ParkDongHan,IdeState,Inactive,,,,,-1,-1,
2021-09-02T15:35:15.770+09:00,ParkDongHan,IdeState,Inactive,,,,,-1,-1,
2021-09-02T15:35:16.783+09:00,ParkDongHan,IdeState,Inactive,,,,,-1,-1,
2021-09-02T15:35:17.788+09:00,ParkDongHan,IdeState,Inactive,,,,,-1,-1,
2021-09-02T15:35:18.801+09:00,ParkDongHan,IdeState,Inactive,,,,,-1,-1,
